SourceFile,SourceType,SourceFeatureDomain,DependencyFile,DependencyType,ImportedOrUsedSymbol,DirectOrIndirect,RuntimeTestOrBoth,ReachabilitySource,Roles,SharedAcrossFeatures,EvidencePattern,InitialDependencyStatus,Confidence,Notes
"frontend/src/App.jsx","SOURCE_FILE","App.jsx","frontend/src/pages/common/LoginPage.jsx","PAGE_USAGE","LoginPage","DIRECT","RUNTIME","REACT_ROUTER / COMPONENT_TREE","ALL_ROLES","YES","frontend/src/App.jsx:3 -> import from './pages/common/LoginPage'","ACTIVE-SHARED-DEPENDENCY","HIGH","Direct local import of LoginPage.jsx"
"frontend/src/App.jsx","SOURCE_FILE","App.jsx","frontend/src/components/layout/MainLayout.jsx","COMPONENT_USAGE","MainLayout","DIRECT","RUNTIME","REACT_ROUTER / COMPONENT_TREE","ALL_ROLES","YES","frontend/src/App.jsx:4 -> import from './components/layout/MainLayout'","ACTIVE-SHARED-DEPENDENCY","HIGH","Direct local import of MainLayout.jsx"
"frontend/src/App.jsx","SOURCE_FILE","App.jsx","frontend/src/components/common/RouteLoadingFallback.jsx","COMPONENT_USAGE","RouteLoadingFallback","DIRECT","RUNTIME","REACT_ROUTER / COMPONENT_TREE","ALL_ROLES","YES","frontend/src/App.jsx:5 -> import from './components/common/RouteLoadingFallback'","ACTIVE-SHARED-DEPENDENCY","HIGH","Direct local import of RouteLoadingFallback.jsx"
"frontend/src/App.jsx","SOURCE_FILE","App.jsx","frontend/src/hooks/useIdleSession.js","HOOK_USAGE","useIdleSession","DIRECT","RUNTIME","REACT_ROUTER / COMPONENT_TREE","ALL_ROLES","YES","frontend/src/App.jsx:6 -> import from './hooks/useIdleSession'","ACTIVE-SHARED-DEPENDENCY","HIGH","Direct local import of useIdleSession.js"
"frontend/src/App.jsx","SOURCE_FILE","App.jsx","frontend/src/components/common/SessionTimeoutModal.jsx","COMPONENT_USAGE","SessionTimeoutModal","DIRECT","RUNTIME","REACT_ROUTER / COMPONENT_TREE","ALL_ROLES","YES","frontend/src/App.jsx:7 -> import from './components/common/SessionTimeoutModal'","ACTIVE-SHARED-DEPENDENCY","HIGH","Direct local import of SessionTimeoutModal.jsx"
"frontend/src/App.jsx","SOURCE_FILE","App.jsx","frontend/src/context/ThemeContext.jsx","CONTEXT_USAGE","{ ThemeProvider }","DIRECT","RUNTIME","REACT_ROUTER / COMPONENT_TREE","ALL_ROLES","YES","frontend/src/App.jsx:8 -> import from './context/ThemeContext'","ACTIVE-SHARED-DEPENDENCY","HIGH","Direct local import of ThemeContext.jsx"
"frontend/src/App.jsx","SOURCE_FILE","App.jsx","frontend/src/context/AuthContext.jsx","CONTEXT_USAGE","{ AuthProvider }","DIRECT","RUNTIME","REACT_ROUTER / COMPONENT_TREE","ALL_ROLES","YES","frontend/src/App.jsx:9 -> import from './context/AuthContext'","ACTIVE-SHARED-DEPENDENCY","HIGH","Direct local import of AuthContext.jsx"
"frontend/src/App.jsx","SOURCE_FILE","App.jsx","frontend/src/context/AuthContext.jsx","CONTEXT_USAGE","{ useAuth }","DIRECT","RUNTIME","REACT_ROUTER / COMPONENT_TREE","ALL_ROLES","YES","frontend/src/App.jsx:9 -> import from './context/AuthContext'","ACTIVE-SHARED-DEPENDENCY","HIGH","Direct local import of AuthContext.jsx"
"frontend/src/App.jsx","SOURCE_FILE","App.jsx","frontend/src/services/authService.js","SERVICE_USAGE","{ getCurrentUser }","DIRECT","RUNTIME","REACT_ROUTER / COMPONENT_TREE","ALL_ROLES","YES","frontend/src/App.jsx:11 -> import from './services/authService'","ACTIVE-SHARED-DEPENDENCY","HIGH","Direct local import of authService.js"
"frontend/src/App.jsx","SOURCE_FILE","App.jsx","frontend/src/controllers/RouteAccessController.js","CONTROLLER_USAGE","RouteAccessController","DIRECT","RUNTIME","REACT_ROUTER / COMPONENT_TREE","ALL_ROLES","YES","frontend/src/App.jsx:12 -> import from './controllers/RouteAccessController'","ACTIVE-SHARED-DEPENDENCY","HIGH","Direct local import of RouteAccessController.js"
"frontend/src/App.jsx","SOURCE_FILE","App.jsx","frontend/src/components/common/ActiveRoleGuard.jsx","COMPONENT_USAGE","ActiveRoleGuard","DIRECT","RUNTIME","REACT_ROUTER / COMPONENT_TREE","ALL_ROLES","YES","frontend/src/App.jsx:14 -> import from './components/common/ActiveRoleGuard'","ACTIVE-SHARED-DEPENDENCY","HIGH","Direct local import of ActiveRoleGuard.jsx"
"frontend/src/App.jsx","SOURCE_FILE","App.jsx","frontend/src/components/security/PermissionRoute.jsx","SECURITY_USAGE","PermissionRoute","DIRECT","RUNTIME","REACT_ROUTER / COMPONENT_TREE","ALL_ROLES","YES","frontend/src/App.jsx:15 -> import from './components/security/PermissionRoute'","ACTIVE-SHARED-DEPENDENCY","HIGH","Direct local import of PermissionRoute.jsx"
"frontend/src/App.jsx","SOURCE_FILE","App.jsx","frontend/src/pages/common/ForbiddenPage.jsx","PAGE_USAGE","ForbiddenPage","DIRECT","RUNTIME","REACT_ROUTER / COMPONENT_TREE","ALL_ROLES","YES","frontend/src/App.jsx:16 -> import from './pages/common/ForbiddenPage'","ACTIVE-SHARED-DEPENDENCY","HIGH","Direct local import of ForbiddenPage.jsx"
"frontend/src/App.jsx","SOURCE_FILE","App.jsx","frontend/src/pages/student/StudentDashboardPage.jsx","DYNAMIC_IMPORT","*","DIRECT","RUNTIME","REACT_ROUTER / COMPONENT_TREE","ALL_ROLES","YES","frontend/src/App.jsx:19 -> import from './pages/student/StudentDashboardPage'","ACTIVE-SHARED-DEPENDENCY","HIGH","Direct local import of StudentDashboardPage.jsx"
"frontend/src/App.jsx","SOURCE_FILE","App.jsx","frontend/src/pages/student/StudentAchievementsPage.jsx","DYNAMIC_IMPORT","*","DIRECT","RUNTIME","REACT_ROUTER / COMPONENT_TREE","ALL_ROLES","YES","frontend/src/App.jsx:20 -> import from './pages/student/StudentAchievementsPage'","ACTIVE-SHARED-DEPENDENCY","HIGH","Direct local import of StudentAchievementsPage.jsx"
"frontend/src/App.jsx","SOURCE_FILE","App.jsx","frontend/src/pages/student/StudentPortfolioPage.jsx","DYNAMIC_IMPORT","*","DIRECT","RUNTIME","REACT_ROUTER / COMPONENT_TREE","ALL_ROLES","YES","frontend/src/App.jsx:21 -> import from './pages/student/StudentPortfolioPage'","ACTIVE-SHARED-DEPENDENCY","HIGH","Direct local import of StudentPortfolioPage.jsx"
"frontend/src/App.jsx","SOURCE_FILE","App.jsx","frontend/src/pages/common/AccountPage.jsx","DYNAMIC_IMPORT","*","DIRECT","RUNTIME","REACT_ROUTER / COMPONENT_TREE","ALL_ROLES","YES","frontend/src/App.jsx:23 -> import from './pages/common/AccountPage'","ACTIVE-SHARED-DEPENDENCY","HIGH","Direct local import of AccountPage.jsx"
"frontend/src/App.jsx","SOURCE_FILE","App.jsx","frontend/src/pages/common/SettingsPage.jsx","DYNAMIC_IMPORT","*","DIRECT","RUNTIME","REACT_ROUTER / COMPONENT_TREE","ALL_ROLES","YES","frontend/src/App.jsx:24 -> import from './pages/common/SettingsPage'","ACTIVE-SHARED-DEPENDENCY","HIGH","Direct local import of SettingsPage.jsx"
"frontend/src/App.jsx","SOURCE_FILE","App.jsx","frontend/src/pages/common/NotificationsPage.jsx","DYNAMIC_IMPORT","*","DIRECT","RUNTIME","REACT_ROUTER / COMPONENT_TREE","ALL_ROLES","YES","frontend/src/App.jsx:25 -> import from './pages/common/NotificationsPage'","ACTIVE-SHARED-DEPENDENCY","HIGH","Direct local import of NotificationsPage.jsx"
"frontend/src/App.jsx","SOURCE_FILE","App.jsx","frontend/src/pages/personnel/PersonnelDashboardPage.jsx","DYNAMIC_IMPORT","*","DIRECT","RUNTIME","REACT_ROUTER / COMPONENT_TREE","ALL_ROLES","YES","frontend/src/App.jsx:27 -> import from './pages/personnel/PersonnelDashboardPage'","ACTIVE-SHARED-DEPENDENCY","HIGH","Direct local import of PersonnelDashboardPage.jsx"
"frontend/src/App.jsx","SOURCE_FILE","App.jsx","frontend/src/pages/personnel/PersonnelPortfolioPage.jsx","DYNAMIC_IMPORT","*","DIRECT","RUNTIME","REACT_ROUTER / COMPONENT_TREE","ALL_ROLES","YES","frontend/src/App.jsx:28 -> import from './pages/personnel/PersonnelPortfolioPage'","ACTIVE-SHARED-DEPENDENCY","HIGH","Direct local import of PersonnelPortfolioPage.jsx"
"frontend/src/App.jsx","SOURCE_FILE","App.jsx","frontend/src/pages/personnel/PersonnelPortfolioEditPage.jsx","DYNAMIC_IMPORT","*","DIRECT","RUNTIME","REACT_ROUTER / COMPONENT_TREE","ALL_ROLES","YES","frontend/src/App.jsx:29 -> import from './pages/personnel/PersonnelPortfolioEditPage'","ACTIVE-SHARED-DEPENDENCY","HIGH","Direct local import of PersonnelPortfolioEditPage.jsx"
"frontend/src/App.jsx","SOURCE_FILE","App.jsx","frontend/src/pages/personnel/PersonnelAchievementsPage.jsx","DYNAMIC_IMPORT","*","DIRECT","RUNTIME","REACT_ROUTER / COMPONENT_TREE","ALL_ROLES","YES","frontend/src/App.jsx:30 -> import from './pages/personnel/PersonnelAchievementsPage'","ACTIVE-SHARED-DEPENDENCY","HIGH","Direct local import of PersonnelAchievementsPage.jsx"
"frontend/src/App.jsx","SOURCE_FILE","App.jsx","frontend/src/pages/hr-admin/HRDashboardPage.jsx","DYNAMIC_IMPORT","*","DIRECT","RUNTIME","REACT_ROUTER / COMPONENT_TREE","ALL_ROLES","YES","frontend/src/App.jsx:32 -> import from './pages/hr-admin/HRDashboardPage'","ACTIVE-SHARED-DEPENDENCY","HIGH","Direct local import of HRDashboardPage.jsx"
"frontend/src/App.jsx","SOURCE_FILE","App.jsx","frontend/src/pages/hr-admin/HRPersonnelDirectoryPage.jsx","DYNAMIC_IMPORT","*","DIRECT","RUNTIME","REACT_ROUTER / COMPONENT_TREE","ALL_ROLES","YES","frontend/src/App.jsx:33 -> import from './pages/hr-admin/HRPersonnelDirectoryPage'","ACTIVE-SHARED-DEPENDENCY","HIGH","Direct local import of HRPersonnelDirectoryPage.jsx"
"frontend/src/App.jsx","SOURCE_FILE","App.jsx","frontend/src/pages/hr-admin/HREvaluationSubmissionsPage.jsx","DYNAMIC_IMPORT","*","DIRECT","RUNTIME","REACT_ROUTER / COMPONENT_TREE","ALL_ROLES","YES","frontend/src/App.jsx:34 -> import from './pages/hr-admin/HREvaluationSubmissionsPage'","ACTIVE-SHARED-DEPENDENCY","HIGH","Direct local import of HREvaluationSubmissionsPage.jsx"
"frontend/src/App.jsx","SOURCE_FILE","App.jsx","frontend/src/pages/hr-admin/HRFacultyEvaluationOversightPage.jsx","DYNAMIC_IMPORT","*","DIRECT","RUNTIME","REACT_ROUTER / COMPONENT_TREE","ALL_ROLES","YES","frontend/src/App.jsx:35 -> import from './pages/hr-admin/HRFacultyEvaluationOversightPage'","ACTIVE-SHARED-DEPENDENCY","HIGH","Direct local import of HRFacultyEvaluationOversightPage.jsx"
"frontend/src/App.jsx","SOURCE_FILE","App.jsx","frontend/src/pages/hr-admin/HRAuditTrailPage.jsx","DYNAMIC_IMPORT","*","DIRECT","RUNTIME","REACT_ROUTER / COMPONENT_TREE","ALL_ROLES","YES","frontend/src/App.jsx:36 -> import from './pages/hr-admin/HRAuditTrailPage'","ACTIVE-SHARED-DEPENDENCY","HIGH","Direct local import of HRAuditTrailPage.jsx"
"frontend/src/App.jsx","SOURCE_FILE","App.jsx","frontend/src/pages/hr-admin/HRRankAssignmentLogsPage.jsx","DYNAMIC_IMPORT","*","DIRECT","RUNTIME","REACT_ROUTER / COMPONENT_TREE","ALL_ROLES","YES","frontend/src/App.jsx:37 -> import from './pages/hr-admin/HRRankAssignmentLogsPage'","ACTIVE-SHARED-DEPENDENCY","HIGH","Direct local import of HRRankAssignmentLogsPage.jsx"
"frontend/src/App.jsx","SOURCE_FILE","App.jsx","frontend/src/pages/hr-admin/HRPasswordResetRequestsPage.jsx","DYNAMIC_IMPORT","*","DIRECT","RUNTIME","REACT_ROUTER / COMPONENT_TREE","ALL_ROLES","YES","frontend/src/App.jsx:38 -> import from './pages/hr-admin/HRPasswordResetRequestsPage'","ACTIVE-SHARED-DEPENDENCY","HIGH","Direct local import of HRPasswordResetRequestsPage.jsx"
"frontend/src/App.jsx","SOURCE_FILE","App.jsx","frontend/src/pages/osad-admin/OSADDashboardPage.jsx","DYNAMIC_IMPORT","*","DIRECT","RUNTIME","REACT_ROUTER / COMPONENT_TREE","ALL_ROLES","YES","frontend/src/App.jsx:40 -> import from './pages/osad-admin/OSADDashboardPage'","ACTIVE-SHARED-DEPENDENCY","HIGH","Direct local import of OSADDashboardPage.jsx"
"frontend/src/App.jsx","SOURCE_FILE","App.jsx","frontend/src/pages/personnel/organization-moderator/OfficerScannerPage.jsx","DYNAMIC_IMPORT","*","DIRECT","RUNTIME","REACT_ROUTER / COMPONENT_TREE","ALL_ROLES","YES","frontend/src/App.jsx:41 -> import from './pages/personnel/organization-moderator/OfficerScannerPage'","ACTIVE-SHARED-DEPENDENCY","HIGH","Direct local import of OfficerScannerPage.jsx"
"frontend/src/App.jsx","SOURCE_FILE","App.jsx","frontend/src/pages/common/PublicCertificateVerificationPage.jsx","DYNAMIC_IMPORT","*","DIRECT","RUNTIME","REACT_ROUTER / COMPONENT_TREE","ALL_ROLES","YES","frontend/src/App.jsx:42 -> import from './pages/common/PublicCertificateVerificationPage'","ACTIVE-SHARED-DEPENDENCY","HIGH","Direct local import of PublicCertificateVerificationPage.jsx"
"frontend/src/App.jsx","SOURCE_FILE","App.jsx","frontend/src/pages/common/ResetPasswordPage.jsx","DYNAMIC_IMPORT","*","DIRECT","RUNTIME","REACT_ROUTER / COMPONENT_TREE","ALL_ROLES","YES","frontend/src/App.jsx:43 -> import from './pages/common/ResetPasswordPage'","ACTIVE-SHARED-DEPENDENCY","HIGH","Direct local import of ResetPasswordPage.jsx"
"frontend/src/App.jsx","SOURCE_FILE","App.jsx","frontend/src/pages/common/ChangePasswordPage.jsx","DYNAMIC_IMPORT","*","DIRECT","RUNTIME","REACT_ROUTER / COMPONENT_TREE","ALL_ROLES","YES","frontend/src/App.jsx:44 -> import from './pages/common/ChangePasswordPage'","ACTIVE-SHARED-DEPENDENCY","HIGH","Direct local import of ChangePasswordPage.jsx"
"frontend/src/components/common/ActiveRoleGuard.jsx","SOURCE_FILE","components","frontend/src/context/AuthContext.jsx","CONTEXT_USAGE","{ useAuth }","DIRECT","RUNTIME","REACT_ROUTER / COMPONENT_TREE","PUBLIC / SHARED","YES","frontend/src/components/common/ActiveRoleGuard.jsx:3 -> import from '../../context/AuthContext'","ACTIVE-SHARED-DEPENDENCY","HIGH","Direct local import of AuthContext.jsx"
"frontend/src/components/common/ActiveRoleGuard.jsx","SOURCE_FILE","components","frontend/src/utils/roleContext.js","UTILITY_USAGE","{ normalizeRoleContext, normalizeAccountType, CANONICAL_ROLES }","DIRECT","RUNTIME","REACT_ROUTER / COMPONENT_TREE","PUBLIC / SHARED","YES","frontend/src/components/common/ActiveRoleGuard.jsx:4 -> import from '../../utils/roleContext'","ACTIVE-SHARED-DEPENDENCY","HIGH","Direct local import of roleContext.js"
"frontend/src/components/common/AdminOnboardingGuideWidget.jsx","SOURCE_FILE","components","frontend/src/hooks/useAdminSetupGuide.js","HOOK_USAGE","useAdminSetupGuide","DIRECT","RUNTIME","REACT_ROUTER / COMPONENT_TREE","PUBLIC / SHARED","YES","frontend/src/components/common/AdminOnboardingGuideWidget.jsx:4 -> import from '../../hooks/useAdminSetupGuide'","ACTIVE-SHARED-DEPENDENCY","HIGH","Direct local import of useAdminSetupGuide.js"
"frontend/src/components/common/AdminOnboardingGuideWidget.jsx","SOURCE_FILE","components","frontend/src/models/AdminSetupStatusModel.js","MODEL_USAGE","{ SETUP_STEP_STATUS }","DIRECT","RUNTIME","REACT_ROUTER / COMPONENT_TREE","PUBLIC / SHARED","YES","frontend/src/components/common/AdminOnboardingGuideWidget.jsx:5 -> import from '../../models/AdminSetupStatusModel'","ACTIVE-SHARED-DEPENDENCY","HIGH","Direct local import of AdminSetupStatusModel.js"
"frontend/src/components/common/ProtectedRoute.jsx","SOURCE_FILE","components","frontend/src/context/AuthContext.jsx","CONTEXT_USAGE","{ useAuth }","DIRECT","RUNTIME","REACT_ROUTER / COMPONENT_TREE","PUBLIC / SHARED","YES","frontend/src/components/common/ProtectedRoute.jsx:3 -> import from '../../context/AuthContext'","ACTIVE-SHARED-DEPENDENCY","HIGH","Direct local import of AuthContext.jsx"
"frontend/src/components/layout/MainLayout.jsx","SOURCE_FILE","components","frontend/src/components/layout/Sidebar.jsx","COMPONENT_USAGE","Sidebar","DIRECT","RUNTIME","REACT_ROUTER / COMPONENT_TREE","ALL_ROLES","NO","frontend/src/components/layout/MainLayout.jsx:3 -> import from './Sidebar'","ACTIVE-DEPENDENCY","HIGH","Direct local import of Sidebar.jsx"
"frontend/src/components/layout/MainLayout.jsx","SOURCE_FILE","components","frontend/src/components/layout/Topbar.jsx","COMPONENT_USAGE","Topbar","DIRECT","RUNTIME","REACT_ROUTER / COMPONENT_TREE","ALL_ROLES","NO","frontend/src/components/layout/MainLayout.jsx:4 -> import from './Topbar'","ACTIVE-DEPENDENCY","HIGH","Direct local import of Topbar.jsx"
"frontend/src/components/layout/MainLayout.jsx","SOURCE_FILE","components","frontend/src/components/layout/Footer.jsx","COMPONENT_USAGE","Footer","DIRECT","RUNTIME","REACT_ROUTER / COMPONENT_TREE","ALL_ROLES","NO","frontend/src/components/layout/MainLayout.jsx:5 -> import from './Footer'","ACTIVE-DEPENDENCY","HIGH","Direct local import of Footer.jsx"
"frontend/src/components/layout/MainLayout.jsx","SOURCE_FILE","components","frontend/src/services/authService.js","SERVICE_USAGE","{ getCurrentUser, updateUserRoleContext }","DIRECT","RUNTIME","REACT_ROUTER / COMPONENT_TREE","ALL_ROLES","YES","frontend/src/components/layout/MainLayout.jsx:6 -> import from '../../services/authService'","ACTIVE-SHARED-DEPENDENCY","HIGH","Direct local import of authService.js"
"frontend/src/components/layout/MainLayout.jsx","SOURCE_FILE","components","frontend/src/context/AuthContext.jsx","CONTEXT_USAGE","{ useAuth }","DIRECT","RUNTIME","REACT_ROUTER / COMPONENT_TREE","ALL_ROLES","YES","frontend/src/components/layout/MainLayout.jsx:7 -> import from '../../context/AuthContext'","ACTIVE-SHARED-DEPENDENCY","HIGH","Direct local import of AuthContext.jsx"
"frontend/src/components/layout/Sidebar.jsx","SOURCE_FILE","components","frontend/src/services/authService.js","SERVICE_USAGE","{ getCurrentUser }","DIRECT","RUNTIME","REACT_ROUTER / COMPONENT_TREE","ALL_ROLES","YES","frontend/src/components/layout/Sidebar.jsx:3 -> import from '../../services/authService'","ACTIVE-SHARED-DEPENDENCY","HIGH","Direct local import of authService.js"
"frontend/src/components/layout/Sidebar.jsx","SOURCE_FILE","components","frontend/src/context/AuthContext.jsx","CONTEXT_USAGE","{ useAuth }","DIRECT","RUNTIME","REACT_ROUTER / COMPONENT_TREE","ALL_ROLES","YES","frontend/src/components/layout/Sidebar.jsx:4 -> import from '../../context/AuthContext'","ACTIVE-SHARED-DEPENDENCY","HIGH","Direct local import of AuthContext.jsx"
"frontend/src/components/layout/Sidebar.jsx","SOURCE_FILE","components","frontend/src/hooks/useTheme.js","HOOK_USAGE","useTheme","DIRECT","RUNTIME","REACT_ROUTER / COMPONENT_TREE","ALL_ROLES","YES","frontend/src/components/layout/Sidebar.jsx:5 -> import from '../../hooks/useTheme'","ACTIVE-SHARED-DEPENDENCY","HIGH","Direct local import of useTheme.js"
"frontend/src/components/layout/Sidebar.jsx","SOURCE_FILE","components","frontend/src/components/common/AdminOnboardingGuideWidget.jsx","COMPONENT_USAGE","AdminOnboardingGuideWidget","DIRECT","RUNTIME","REACT_ROUTER / COMPONENT_TREE","ALL_ROLES","NO","frontend/src/components/layout/Sidebar.jsx:7 -> import from '../common/AdminOnboardingGuideWidget'","ACTIVE-DEPENDENCY","HIGH","Direct local import of AdminOnboardingGuideWidget.jsx"
"frontend/src/components/layout/Sidebar.jsx","SOURCE_FILE","components","frontend/src/config/personnelRoleNavigation.js","CONFIG_USAGE","{ getAuthorizedNavigationForSession }","DIRECT","RUNTIME","REACT_ROUTER / COMPONENT_TREE","ALL_ROLES","YES","frontend/src/components/layout/Sidebar.jsx:8 -> import from '../../config/personnelRoleNavigation'","ACTIVE-SHARED-DEPENDENCY","HIGH","Direct local import of personnelRoleNavigation.js"
"frontend/src/components/layout/Sidebar.jsx","SOURCE_FILE","components","frontend/src/utils/roleContext.js","UTILITY_USAGE","{ normalizeRoleContext }","DIRECT","RUNTIME","REACT_ROUTER / COMPONENT_TREE","ALL_ROLES","YES","frontend/src/components/layout/Sidebar.jsx:9 -> import from '../../utils/roleContext'","ACTIVE-SHARED-DEPENDENCY","HIGH","Direct local import of roleContext.js"
"frontend/src/components/layout/Topbar.jsx","SOURCE_FILE","components","frontend/src/services/authService.js","SERVICE_USAGE","{ getCurrentUser, logoutUser, updateUserRoleContext }","DIRECT","RUNTIME","REACT_ROUTER / COMPONENT_TREE","ALL_ROLES","YES","frontend/src/components/layout/Topbar.jsx:3 -> import from '../../services/authService'","ACTIVE-SHARED-DEPENDENCY","HIGH","Direct local import of authService.js"
"frontend/src/components/layout/Topbar.jsx","SOURCE_FILE","components","frontend/src/components/common/NotificationPopover.jsx","COMPONENT_USAGE","NotificationPopover","DIRECT","RUNTIME","REACT_ROUTER / COMPONENT_TREE","ALL_ROLES","NO","frontend/src/components/layout/Topbar.jsx:4 -> import from '../common/NotificationPopover'","ACTIVE-DEPENDENCY","HIGH","Direct local import of NotificationPopover.jsx"
"frontend/src/components/layout/Topbar.jsx","SOURCE_FILE","components","frontend/src/hooks/useTheme.js","HOOK_USAGE","useTheme","DIRECT","RUNTIME","REACT_ROUTER / COMPONENT_TREE","ALL_ROLES","YES","frontend/src/components/layout/Topbar.jsx:5 -> import from '../../hooks/useTheme'","ACTIVE-SHARED-DEPENDENCY","HIGH","Direct local import of useTheme.js"
"frontend/src/components/layout/Topbar.jsx","SOURCE_FILE","components","frontend/src/context/AuthContext.jsx","CONTEXT_USAGE","{ useAuth }","DIRECT","RUNTIME","REACT_ROUTER / COMPONENT_TREE","ALL_ROLES","YES","frontend/src/components/layout/Topbar.jsx:23 -> import from '../../context/AuthContext'","ACTIVE-SHARED-DEPENDENCY","HIGH","Direct local import of AuthContext.jsx"
"frontend/src/components/layout/Topbar.jsx","SOURCE_FILE","components","frontend/src/utils/roleContext.js","UTILITY_USAGE","{ normalizeAccountType, normalizeRoleContext, normalizeAssignedRoles }","DIRECT","RUNTIME","REACT_ROUTER / COMPONENT_TREE","ALL_ROLES","YES","frontend/src/components/layout/Topbar.jsx:24 -> import from '../../utils/roleContext'","ACTIVE-SHARED-DEPENDENCY","HIGH","Direct local import of roleContext.js"
"frontend/src/components/layout/Topbar.jsx","SOURCE_FILE","components","frontend/src/utils/portalRoutes.js","UTILITY_USAGE","{ getAccountRoute, getSettingsRoute }","DIRECT","RUNTIME","REACT_ROUTER / COMPONENT_TREE","ALL_ROLES","YES","frontend/src/components/layout/Topbar.jsx:25 -> import from '../../utils/portalRoutes'","ACTIVE-SHARED-DEPENDENCY","HIGH","Direct local import of portalRoutes.js"
"frontend/src/components/layout/Topbar.jsx","SOURCE_FILE","components","frontend/src/components/ui/avatar.jsx","COMPONENT_USAGE","{ Avatar, AvatarImage, AvatarFallback, AvatarBadge }","DIRECT","RUNTIME","REACT_ROUTER / COMPONENT_TREE","ALL_ROLES","NO","frontend/src/components/layout/Topbar.jsx:26 -> import from '../ui/avatar'","ACTIVE-DEPENDENCY","HIGH","Direct local import of avatar.jsx"
"frontend/src/components/osad/CandidatePortfolioReviewDrawer.jsx","SOURCE_FILE","components","frontend/src/components/osad/CandidateStatusBadge.jsx","COMPONENT_USAGE","CandidateStatusBadge","DIRECT","RUNTIME","REACT_ROUTER / COMPONENT_TREE","ALL_ROLES","NO","frontend/src/components/osad/CandidatePortfolioReviewDrawer.jsx:14 -> import from './CandidateStatusBadge'","ACTIVE-DEPENDENCY","HIGH","Direct local import of CandidateStatusBadge.jsx"
"frontend/src/components/osad/CertificateTemplateEditorModal.jsx","SOURCE_FILE","components","frontend/src/services/CertificateTemplateRenderer.js","SERVICE_USAGE","CertificateTemplateRenderer","DIRECT","RUNTIME","REACT_ROUTER / COMPONENT_TREE","ALL_ROLES","YES","frontend/src/components/osad/CertificateTemplateEditorModal.jsx:3 -> import from '../../services/CertificateTemplateRenderer'","ACTIVE-SHARED-DEPENDENCY","HIGH","Direct local import of CertificateTemplateRenderer.js"
"frontend/src/components/osad/PotentialAwardCandidatesPreview.jsx","SOURCE_FILE","components","frontend/src/services/AwardPortfolioReviewService.js","SERVICE_USAGE","AwardPortfolioReviewService","DIRECT","RUNTIME","REACT_ROUTER / COMPONENT_TREE","ALL_ROLES","YES","frontend/src/components/osad/PotentialAwardCandidatesPreview.jsx:3 -> import from '../../services/AwardPortfolioReviewService'","ACTIVE-SHARED-DEPENDENCY","HIGH","Direct local import of AwardPortfolioReviewService.js"
"frontend/src/components/security/PermissionRoute.jsx","SOURCE_FILE","components","frontend/src/context/AuthContext.jsx","CONTEXT_USAGE","{ useAuth }","DIRECT","RUNTIME","REACT_ROUTER / COMPONENT_TREE","ALL_ROLES","YES","frontend/src/components/security/PermissionRoute.jsx:11 -> import from '../../context/AuthContext'","ACTIVE-SHARED-DEPENDENCY","HIGH","Direct local import of AuthContext.jsx"
"frontend/src/components/security/PermissionRoute.jsx","SOURCE_FILE","components","frontend/src/services/authService.js","SERVICE_USAGE","{ getCurrentUser }","DIRECT","RUNTIME","REACT_ROUTER / COMPONENT_TREE","ALL_ROLES","YES","frontend/src/components/security/PermissionRoute.jsx:12 -> import from '../../services/authService'","ACTIVE-SHARED-DEPENDENCY","HIGH","Direct local import of authService.js"
"frontend/src/components/security/PermissionRoute.jsx","SOURCE_FILE","components","frontend/src/security/permissionResolver.js","SECURITY_USAGE","{ can }","DIRECT","RUNTIME","REACT_ROUTER / COMPONENT_TREE","ALL_ROLES","YES","frontend/src/components/security/PermissionRoute.jsx:13 -> import from '../../security/permissionResolver'","ACTIVE-SHARED-DEPENDENCY","HIGH","Direct local import of permissionResolver.js"
"frontend/src/components/security/PermissionRoute.jsx","SOURCE_FILE","components","frontend/src/utils/roleContext.js","UTILITY_USAGE","{ normalizeRoleContext, normalizeAssignedRoles, isRoleAssigned }","DIRECT","RUNTIME","REACT_ROUTER / COMPONENT_TREE","ALL_ROLES","YES","frontend/src/components/security/PermissionRoute.jsx:14 -> import from '../../utils/roleContext'","ACTIVE-SHARED-DEPENDENCY","HIGH","Direct local import of roleContext.js"
"frontend/src/components/security/PermissionRoute.jsx","SOURCE_FILE","components","frontend/src/pages/common/ForbiddenPage.jsx","PAGE_USAGE","ForbiddenPage","DIRECT","RUNTIME","REACT_ROUTER / COMPONENT_TREE","ALL_ROLES","YES","frontend/src/components/security/PermissionRoute.jsx:15 -> import from '../../pages/common/ForbiddenPage'","ACTIVE-SHARED-DEPENDENCY","HIGH","Direct local import of ForbiddenPage.jsx"
"frontend/src/components/ui/__tests__/avatar.test.jsx","TEST_FILE","components","frontend/src/components/ui/avatar.jsx","TEST_USAGE","{ Avatar, AvatarImage, AvatarFallback, AvatarBadge, AvatarGroup, AvatarGroupCount }","DIRECT","TEST","TEST_HARNESS","ALL_ROLES","NO","frontend/src/components/ui/__tests__/avatar.test.jsx:8 -> import from '../avatar'","TEST-ONLY-DEPENDENCY","HIGH","Direct local import of avatar.jsx"
"frontend/src/components/ui/__tests__/ui_achievements.test.jsx","TEST_FILE","components","frontend/src/components/ui/card.jsx","TEST_USAGE","{ Card, CardHeader, CardTitle, CardContent }","DIRECT","TEST","TEST_HARNESS","ALL_ROLES","NO","frontend/src/components/ui/__tests__/ui_achievements.test.jsx:8 -> import from '../card'","TEST-ONLY-DEPENDENCY","HIGH","Direct local import of card.jsx"
"frontend/src/components/ui/__tests__/ui_achievements.test.jsx","TEST_FILE","components","frontend/src/components/ui/badge.jsx","TEST_USAGE","{ Badge }","DIRECT","TEST","TEST_HARNESS","ALL_ROLES","NO","frontend/src/components/ui/__tests__/ui_achievements.test.jsx:9 -> import from '../badge'","TEST-ONLY-DEPENDENCY","HIGH","Direct local import of badge.jsx"
"frontend/src/components/ui/__tests__/ui_achievements.test.jsx","TEST_FILE","components","frontend/src/components/ui/button.jsx","TEST_USAGE","{ Button }","DIRECT","TEST","TEST_HARNESS","ALL_ROLES","NO","frontend/src/components/ui/__tests__/ui_achievements.test.jsx:10 -> import from '../button'","TEST-ONLY-DEPENDENCY","HIGH","Direct local import of button.jsx"
"frontend/src/components/ui/__tests__/ui_achievements.test.jsx","TEST_FILE","components","frontend/src/components/ui/input.jsx","TEST_USAGE","{ Input }","DIRECT","TEST","TEST_HARNESS","ALL_ROLES","NO","frontend/src/components/ui/__tests__/ui_achievements.test.jsx:11 -> import from '../input'","TEST-ONLY-DEPENDENCY","HIGH","Direct local import of input.jsx"
"frontend/src/components/ui/__tests__/ui_components.test.jsx","TEST_FILE","components","frontend/src/components/ui/card.jsx","TEST_USAGE","{ Card, CardHeader, CardTitle, CardDescription, CardContent, CardFooter }","DIRECT","TEST","TEST_HARNESS","ALL_ROLES","NO","frontend/src/components/ui/__tests__/ui_components.test.jsx:8 -> import from '../card'","TEST-ONLY-DEPENDENCY","HIGH","Direct local import of card.jsx"
"frontend/src/components/ui/__tests__/ui_components.test.jsx","TEST_FILE","components","frontend/src/components/ui/badge.jsx","TEST_USAGE","{ Badge }","DIRECT","TEST","TEST_HARNESS","ALL_ROLES","NO","frontend/src/components/ui/__tests__/ui_components.test.jsx:9 -> import from '../badge'","TEST-ONLY-DEPENDENCY","HIGH","Direct local import of badge.jsx"
"frontend/src/components/ui/__tests__/ui_components.test.jsx","TEST_FILE","components","frontend/src/components/ui/button.jsx","TEST_USAGE","{ Button }","DIRECT","TEST","TEST_HARNESS","ALL_ROLES","NO","frontend/src/components/ui/__tests__/ui_components.test.jsx:10 -> import from '../button'","TEST-ONLY-DEPENDENCY","HIGH","Direct local import of button.jsx"
"frontend/src/components/ui/__tests__/ui_components.test.jsx","TEST_FILE","components","frontend/src/components/ui/progress.jsx","TEST_USAGE","{ Progress }","DIRECT","TEST","TEST_HARNESS","ALL_ROLES","NO","frontend/src/components/ui/__tests__/ui_components.test.jsx:11 -> import from '../progress'","TEST-ONLY-DEPENDENCY","HIGH","Direct local import of progress.jsx"
"frontend/src/components/ui/__tests__/ui_components.test.jsx","TEST_FILE","components","frontend/src/components/ui/skeleton.jsx","TEST_USAGE","{ Skeleton }","DIRECT","TEST","TEST_HARNESS","ALL_ROLES","NO","frontend/src/components/ui/__tests__/ui_components.test.jsx:12 -> import from '../skeleton'","TEST-ONLY-DEPENDENCY","HIGH","Direct local import of skeleton.jsx"
"frontend/src/components/ui/__tests__/ui_components.test.jsx","TEST_FILE","components","frontend/src/components/ui/tabs.jsx","TEST_USAGE","{ Tabs, TabsList, TabsTrigger, TabsContent }","DIRECT","TEST","TEST_HARNESS","ALL_ROLES","NO","frontend/src/components/ui/__tests__/ui_components.test.jsx:13 -> import from '../tabs'","TEST-ONLY-DEPENDENCY","HIGH","Direct local import of tabs.jsx"
"frontend/src/components/ui/__tests__/ui_components.test.jsx","TEST_FILE","components","frontend/src/components/ui/select.jsx","TEST_USAGE","{ Select, SelectItem }","DIRECT","TEST","TEST_HARNESS","ALL_ROLES","NO","frontend/src/components/ui/__tests__/ui_components.test.jsx:14 -> import from '../select'","TEST-ONLY-DEPENDENCY","HIGH","Direct local import of select.jsx"
"frontend/src/config/navigationCatalog.js","SOURCE_FILE","config","frontend/src/utils/roleContext.js","UTILITY_USAGE","{ CANONICAL_ROLES, CANONICAL_ACCOUNT_TYPES }","DIRECT","RUNTIME","REACT_ROUTER / COMPONENT_TREE","ALL_ROLES","YES","frontend/src/config/navigationCatalog.js:29 -> import from '../utils/roleContext'","ACTIVE-SHARED-DEPENDENCY","HIGH","Direct local import of roleContext.js"
"frontend/src/config/personnelRoleNavigation.js","SOURCE_FILE","config","frontend/src/config/navigationCatalog.js","CONFIG_USAGE","{ NAVIGATION_CATALOG }","DIRECT","RUNTIME","REACT_ROUTER / COMPONENT_TREE","ALL_ROLES","NO","frontend/src/config/personnelRoleNavigation.js:8 -> import from './navigationCatalog'","ACTIVE-DEPENDENCY","HIGH","Direct local import of navigationCatalog.js"
"frontend/src/config/personnelRoleNavigation.js","SOURCE_FILE","config","frontend/src/security/permissionResolver.js","SECURITY_USAGE","{ getAuthorizedNavigation }","DIRECT","RUNTIME","REACT_ROUTER / COMPONENT_TREE","ALL_ROLES","YES","frontend/src/config/personnelRoleNavigation.js:9 -> import from '../security/permissionResolver'","ACTIVE-SHARED-DEPENDENCY","HIGH","Direct local import of permissionResolver.js"
"frontend/src/config/personnelRoleNavigation.js","SOURCE_FILE","config","frontend/src/utils/roleContext.js","UTILITY_USAGE","{ normalizeRoleContext, normalizeAccountType, CANONICAL_ROLES, CANONICAL_ACCOUNT_TYPES }","DIRECT","RUNTIME","REACT_ROUTER / COMPONENT_TREE","ALL_ROLES","YES","frontend/src/config/personnelRoleNavigation.js:10 -> import from '../utils/roleContext'","ACTIVE-SHARED-DEPENDENCY","HIGH","Direct local import of roleContext.js"
"frontend/src/context/AuthContext.jsx","SOURCE_FILE","context","frontend/src/services/authService.js","SERVICE_USAGE","{ getCurrentUser, authenticateUser, fetchProfileAndCreateSession, updateUserRoleContext, logoutUser }","DIRECT","RUNTIME","REACT_ROUTER / COMPONENT_TREE","ALL_ROLES","YES","frontend/src/context/AuthContext.jsx:8 -> import from '../services/authService'","ACTIVE-SHARED-DEPENDENCY","HIGH","Direct local import of authService.js"
"frontend/src/context/AuthContext.jsx","SOURCE_FILE","context","frontend/src/utils/roleContext.js","UTILITY_USAGE","{ resolveDefaultActiveRole }","DIRECT","RUNTIME","REACT_ROUTER / COMPONENT_TREE","ALL_ROLES","YES","frontend/src/context/AuthContext.jsx:9 -> import from '../utils/roleContext'","ACTIVE-SHARED-DEPENDENCY","HIGH","Direct local import of roleContext.js"
"frontend/src/context/AuthContext.jsx","SOURCE_FILE","context","frontend/src/config/supabase.js","CONFIG_USAGE","{ supabase }","DIRECT","RUNTIME","REACT_ROUTER / COMPONENT_TREE","ALL_ROLES","YES","frontend/src/context/AuthContext.jsx:10 -> import from '../config/supabase'","ACTIVE-SHARED-DEPENDENCY","HIGH","Direct local import of supabase.js"
"frontend/src/controllers/AcademicStructureController.js","SOURCE_FILE","controllers","frontend/src/models/CollegeModel.js","MODEL_USAGE","CollegeModel","DIRECT","RUNTIME","REACT_ROUTER / COMPONENT_TREE","ALL_ROLES","YES","frontend/src/controllers/AcademicStructureController.js:1 -> import from '../models/CollegeModel.js'","ACTIVE-SHARED-DEPENDENCY","HIGH","Direct local import of CollegeModel.js"
"frontend/src/controllers/AcademicStructureController.js","SOURCE_FILE","controllers","frontend/src/models/DegreeProgramModel.js","MODEL_USAGE","DegreeProgramModel","DIRECT","RUNTIME","REACT_ROUTER / COMPONENT_TREE","ALL_ROLES","YES","frontend/src/controllers/AcademicStructureController.js:2 -> import from '../models/DegreeProgramModel.js'","ACTIVE-SHARED-DEPENDENCY","HIGH","Direct local import of DegreeProgramModel.js"
"frontend/src/controllers/AcademicStructureController.js","SOURCE_FILE","controllers","frontend/src/models/StudentOrganizationModel.js","MODEL_USAGE","StudentOrganizationModel","DIRECT","RUNTIME","REACT_ROUTER / COMPONENT_TREE","ALL_ROLES","YES","frontend/src/controllers/AcademicStructureController.js:3 -> import from '../models/StudentOrganizationModel.js'","ACTIVE-SHARED-DEPENDENCY","HIGH","Direct local import of StudentOrganizationModel.js"
"frontend/src/controllers/AcademicStructureController.js","SOURCE_FILE","controllers","frontend/src/models/ProgramCoordinatorAssignmentModel.js","MODEL_USAGE","ProgramCoordinatorAssignmentModel","DIRECT","RUNTIME","REACT_ROUTER / COMPONENT_TREE","ALL_ROLES","YES","frontend/src/controllers/AcademicStructureController.js:4 -> import from '../models/ProgramCoordinatorAssignmentModel.js'","ACTIVE-SHARED-DEPENDENCY","HIGH","Direct local import of ProgramCoordinatorAssignmentModel.js"
"frontend/src/controllers/AcademicStructureController.js","SOURCE_FILE","controllers","frontend/src/models/OrganizationModeratorAssignmentModel.js","MODEL_USAGE","OrganizationModeratorAssignmentModel","DIRECT","RUNTIME","REACT_ROUTER / COMPONENT_TREE","ALL_ROLES","YES","frontend/src/controllers/AcademicStructureController.js:5 -> import from '../models/OrganizationModeratorAssignmentModel.js'","ACTIVE-SHARED-DEPENDENCY","HIGH","Direct local import of OrganizationModeratorAssignmentModel.js"
"frontend/src/controllers/AdminSetupGuideController.js","SOURCE_FILE","controllers","frontend/src/models/AdminSetupGuideRegistry.js","MODEL_USAGE","{ ADMIN_SETUP_GUIDES, getAdminSetupGuide }","DIRECT","RUNTIME","REACT_ROUTER / COMPONENT_TREE","ALL_ROLES","YES","frontend/src/controllers/AdminSetupGuideController.js:7 -> import from '../models/AdminSetupGuideRegistry'","ACTIVE-SHARED-DEPENDENCY","HIGH","Direct local import of AdminSetupGuideRegistry.js"
"frontend/src/controllers/AdminSetupGuideController.js","SOURCE_FILE","controllers","frontend/src/models/AdminSetupStatusModel.js","MODEL_USAGE","{ SETUP_STEP_STATUS, AdminSetupStatusModel }","DIRECT","RUNTIME","REACT_ROUTER / COMPONENT_TREE","ALL_ROLES","YES","frontend/src/controllers/AdminSetupGuideController.js:8 -> import from '../models/AdminSetupStatusModel'","ACTIVE-SHARED-DEPENDENCY","HIGH","Direct local import of AdminSetupStatusModel.js"
"frontend/src/controllers/AdminSetupGuideController.js","SOURCE_FILE","controllers","frontend/src/controllers/OSADController.js","CONTROLLER_USAGE","OSADController","DIRECT","RUNTIME","REACT_ROUTER / COMPONENT_TREE","ALL_ROLES","NO","frontend/src/controllers/AdminSetupGuideController.js:9 -> import from './OSADController'","ACTIVE-DEPENDENCY","HIGH","Direct local import of OSADController.js"
"frontend/src/controllers/AdminSetupGuideController.js","SOURCE_FILE","controllers","frontend/src/controllers/HRController.js","CONTROLLER_USAGE","HRController","DIRECT","RUNTIME","REACT_ROUTER / COMPONENT_TREE","ALL_ROLES","NO","frontend/src/controllers/AdminSetupGuideController.js:10 -> import from './HRController'","ACTIVE-DEPENDENCY","HIGH","Direct local import of HRController.js"
"frontend/src/controllers/AuthController.js","SOURCE_FILE","controllers","frontend/src/models/UserModel.js","MODEL_USAGE","UserModel","DIRECT","RUNTIME","REACT_ROUTER / COMPONENT_TREE","ALL_ROLES","YES","frontend/src/controllers/AuthController.js:1 -> import from '../models/UserModel'","ACTIVE-SHARED-DEPENDENCY","HIGH","Direct local import of UserModel.js"
"frontend/src/controllers/CertificateTemplateController.js","SOURCE_FILE","controllers","frontend/src/models/CertificateTemplateModel.js","MODEL_USAGE","{ CertificateTemplateModel }","DIRECT","RUNTIME","REACT_ROUTER / COMPONENT_TREE","ALL_ROLES","YES","frontend/src/controllers/CertificateTemplateController.js:7 -> import from '../models/CertificateTemplateModel'","ACTIVE-SHARED-DEPENDENCY","HIGH","Direct local import of CertificateTemplateModel.js"
"frontend/src/controllers/CertificateTemplateController.js","SOURCE_FILE","controllers","frontend/src/models/CertificateTemplateVersionModel.js","MODEL_USAGE","{ CertificateTemplateVersionModel }","DIRECT","RUNTIME","REACT_ROUTER / COMPONENT_TREE","ALL_ROLES","YES","frontend/src/controllers/CertificateTemplateController.js:8 -> import from '../models/CertificateTemplateVersionModel'","ACTIVE-SHARED-DEPENDENCY","HIGH","Direct local import of CertificateTemplateVersionModel.js"
"frontend/src/controllers/CertificateTemplateController.js","SOURCE_FILE","controllers","frontend/src/models/IssuedCertificateModel.js","MODEL_USAGE","{ IssuedCertificateModel }","DIRECT","RUNTIME","REACT_ROUTER / COMPONENT_TREE","ALL_ROLES","YES","frontend/src/controllers/CertificateTemplateController.js:9 -> import from '../models/IssuedCertificateModel'","ACTIVE-SHARED-DEPENDENCY","HIGH","Direct local import of IssuedCertificateModel.js"
"frontend/src/controllers/HRAuditTrailController.js","SOURCE_FILE","controllers","frontend/src/models/HRAuditEventRegistry.js","MODEL_USAGE","{ getEventMetadata }","DIRECT","RUNTIME","REACT_ROUTER / COMPONENT_TREE","ALL_ROLES","YES","frontend/src/controllers/HRAuditTrailController.js:7 -> import from '../models/HRAuditEventRegistry'","ACTIVE-SHARED-DEPENDENCY","HIGH","Direct local import of HRAuditEventRegistry.js"
"frontend/src/controllers/HRController.js","SOURCE_FILE","controllers","frontend/src/models/HRModel.js","MODEL_USAGE","{ PersonnelEntity, FacultyAccomplishmentEntity, ServiceAwardCategoryEntity, HRAuditLogEntity }","DIRECT","RUNTIME","REACT_ROUTER / COMPONENT_TREE","ALL_ROLES","YES","frontend/src/controllers/HRController.js:7 -> import from '../models/HRModel'","ACTIVE-SHARED-DEPENDENCY","HIGH","Direct local import of HRModel.js"
"frontend/src/controllers/HRController.js","SOURCE_FILE","controllers","frontend/src/controllers/SecurityController.js","CONTROLLER_USAGE","SecurityController","DIRECT","RUNTIME","REACT_ROUTER / COMPONENT_TREE","ALL_ROLES","NO","frontend/src/controllers/HRController.js:8 -> import from './SecurityController.js'","ACTIVE-DEPENDENCY","HIGH","Direct local import of SecurityController.js"
"frontend/src/controllers/HRRankingController.js","SOURCE_FILE","controllers","frontend/src/controllers/PersonnelPortfolioController.js","CONTROLLER_USAGE","PersonnelPortfolioController","DIRECT","RUNTIME","REACT_ROUTER / COMPONENT_TREE","ALL_ROLES","NO","frontend/src/controllers/HRRankingController.js:1 -> import from './PersonnelPortfolioController.js'","ACTIVE-DEPENDENCY","HIGH","Direct local import of PersonnelPortfolioController.js"
"frontend/src/controllers/HRRankingController.js","SOURCE_FILE","controllers","frontend/src/models/PersonnelPortfolioModel.js","MODEL_USAGE","PersonnelPortfolioModel","DIRECT","RUNTIME","REACT_ROUTER / COMPONENT_TREE","ALL_ROLES","YES","frontend/src/controllers/HRRankingController.js:2 -> import from '../models/PersonnelPortfolioModel.js'","ACTIVE-SHARED-DEPENDENCY","HIGH","Direct local import of PersonnelPortfolioModel.js"
"frontend/src/controllers/OcrScanController.js","SOURCE_FILE","controllers","frontend/src/controllers/SecurityController.js","CONTROLLER_USAGE","SecurityController","DIRECT","RUNTIME","REACT_ROUTER / COMPONENT_TREE","ALL_ROLES","NO","frontend/src/controllers/OcrScanController.js:7 -> import from './SecurityController.js'","ACTIVE-DEPENDENCY","HIGH","Direct local import of SecurityController.js"
"frontend/src/controllers/OcrScanController.js","SOURCE_FILE","controllers","frontend/src/models/OcrScanModel.js","MODEL_USAGE","OcrScanModel","DIRECT","RUNTIME","REACT_ROUTER / COMPONENT_TREE","ALL_ROLES","YES","frontend/src/controllers/OcrScanController.js:8 -> import from '../models/OcrScanModel.js'","ACTIVE-SHARED-DEPENDENCY","HIGH","Direct local import of OcrScanModel.js"
"frontend/src/controllers/OrganizationController.js","SOURCE_FILE","controllers","frontend/src/models/OrganizationModel.js","MODEL_USAGE","OrganizationModel","DIRECT","RUNTIME","REACT_ROUTER / COMPONENT_TREE","ALL_ROLES","YES","frontend/src/controllers/OrganizationController.js:1 -> import from '../models/OrganizationModel'","ACTIVE-SHARED-DEPENDENCY","HIGH","Direct local import of OrganizationModel.js"
"frontend/src/controllers/OrganizationController.js","SOURCE_FILE","controllers","frontend/src/models/EventModel.js","MODEL_USAGE","EventModel","DIRECT","RUNTIME","REACT_ROUTER / COMPONENT_TREE","ALL_ROLES","YES","frontend/src/controllers/OrganizationController.js:2 -> import from '../models/EventModel'","ACTIVE-SHARED-DEPENDENCY","HIGH","Direct local import of EventModel.js"
"frontend/src/controllers/OSADController.js","SOURCE_FILE","controllers","frontend/src/utils/nameFormatter.js","UTILITY_USAGE","{ parseFullName }","DIRECT","RUNTIME","REACT_ROUTER / COMPONENT_TREE","ALL_ROLES","YES","frontend/src/controllers/OSADController.js:7 -> import from '../utils/nameFormatter.js'","ACTIVE-SHARED-DEPENDENCY","HIGH","Direct local import of nameFormatter.js"
"frontend/src/controllers/OSADController.js","SOURCE_FILE","controllers","frontend/src/models/CollegeModel.js","MODEL_USAGE","CollegeModel","DIRECT","RUNTIME","REACT_ROUTER / COMPONENT_TREE","ALL_ROLES","YES","frontend/src/controllers/OSADController.js:8 -> import from '../models/CollegeModel.js'","ACTIVE-SHARED-DEPENDENCY","HIGH","Direct local import of CollegeModel.js"
"frontend/src/controllers/OSADController.js","SOURCE_FILE","controllers","frontend/src/models/DegreeProgramModel.js","MODEL_USAGE","DegreeProgramModel","DIRECT","RUNTIME","REACT_ROUTER / COMPONENT_TREE","ALL_ROLES","YES","frontend/src/controllers/OSADController.js:9 -> import from '../models/DegreeProgramModel.js'","ACTIVE-SHARED-DEPENDENCY","HIGH","Direct local import of DegreeProgramModel.js"
"frontend/src/controllers/OSADController.js","SOURCE_FILE","controllers","frontend/src/models/StudentOrganizationModel.js","MODEL_USAGE","StudentOrganizationModel","DIRECT","RUNTIME","REACT_ROUTER / COMPONENT_TREE","ALL_ROLES","YES","frontend/src/controllers/OSADController.js:10 -> import from '../models/StudentOrganizationModel.js'","ACTIVE-SHARED-DEPENDENCY","HIGH","Direct local import of StudentOrganizationModel.js"
"frontend/src/controllers/OSADController.js","SOURCE_FILE","controllers","frontend/src/models/ProgramCoordinatorAssignmentModel.js","MODEL_USAGE","ProgramCoordinatorAssignmentModel","DIRECT","RUNTIME","REACT_ROUTER / COMPONENT_TREE","ALL_ROLES","YES","frontend/src/controllers/OSADController.js:11 -> import from '../models/ProgramCoordinatorAssignmentModel.js'","ACTIVE-SHARED-DEPENDENCY","HIGH","Direct local import of ProgramCoordinatorAssignmentModel.js"
"frontend/src/controllers/OSADController.js","SOURCE_FILE","controllers","frontend/src/models/OrganizationModeratorAssignmentModel.js","MODEL_USAGE","OrganizationModeratorAssignmentModel","DIRECT","RUNTIME","REACT_ROUTER / COMPONENT_TREE","ALL_ROLES","YES","frontend/src/controllers/OSADController.js:12 -> import from '../models/OrganizationModeratorAssignmentModel.js'","ACTIVE-SHARED-DEPENDENCY","HIGH","Direct local import of OrganizationModeratorAssignmentModel.js"
"frontend/src/controllers/OSADController.js","SOURCE_FILE","controllers","frontend/src/controllers/AcademicStructureController.js","CONTROLLER_USAGE","AcademicStructureController","DIRECT","RUNTIME","REACT_ROUTER / COMPONENT_TREE","ALL_ROLES","NO","frontend/src/controllers/OSADController.js:13 -> import from './AcademicStructureController.js'","ACTIVE-DEPENDENCY","HIGH","Direct local import of AcademicStructureController.js"
"frontend/src/controllers/PersonnelAchievementController.js","SOURCE_FILE","controllers","frontend/src/models/AchievementModel.js","MODEL_USAGE","AchievementModel","DIRECT","RUNTIME","REACT_ROUTER / COMPONENT_TREE","ALL_ROLES","YES","frontend/src/controllers/PersonnelAchievementController.js:1 -> import from '../models/AchievementModel.js'","ACTIVE-SHARED-DEPENDENCY","HIGH","Direct local import of AchievementModel.js"
"frontend/src/controllers/PersonnelOnboardingDraftController.js","SOURCE_FILE","controllers","frontend/src/models/PersonnelOnboardingDraftModel.js","MODEL_USAGE","{ PersonnelOnboardingDraftModel }","DIRECT","RUNTIME","REACT_ROUTER / COMPONENT_TREE","ALL_ROLES","YES","frontend/src/controllers/PersonnelOnboardingDraftController.js:7 -> import from '../models/PersonnelOnboardingDraftModel.js'","ACTIVE-SHARED-DEPENDENCY","HIGH","Direct local import of PersonnelOnboardingDraftModel.js"
"frontend/src/controllers/PersonnelPortfolioController.js","SOURCE_FILE","controllers","frontend/src/models/PersonnelPortfolioModel.js","MODEL_USAGE","PersonnelPortfolioModel","DIRECT","RUNTIME","REACT_ROUTER / COMPONENT_TREE","ALL_ROLES","YES","frontend/src/controllers/PersonnelPortfolioController.js:1 -> import from '../models/PersonnelPortfolioModel.js'","ACTIVE-SHARED-DEPENDENCY","HIGH","Direct local import of PersonnelPortfolioModel.js"
"frontend/src/controllers/RosterController.js","SOURCE_FILE","controllers","frontend/src/models/StudentModel.js","MODEL_USAGE","StudentModel","DIRECT","RUNTIME","REACT_ROUTER / COMPONENT_TREE","ALL_ROLES","YES","frontend/src/controllers/RosterController.js:1 -> import from '../models/StudentModel'","ACTIVE-SHARED-DEPENDENCY","HIGH","Direct local import of StudentModel.js"
"frontend/src/controllers/StudentAchievementController.js","SOURCE_FILE","controllers","frontend/src/models/AchievementModel.js","MODEL_USAGE","AchievementModel","DIRECT","RUNTIME","REACT_ROUTER / COMPONENT_TREE","ALL_ROLES","YES","frontend/src/controllers/StudentAchievementController.js:1 -> import from '../models/AchievementModel'","ACTIVE-SHARED-DEPENDENCY","HIGH","Direct local import of AchievementModel.js"
"frontend/src/controllers/UserProfileController.js","SOURCE_FILE","controllers","frontend/src/models/UserProfilePreferencesModel.js","MODEL_USAGE","UserProfilePreferencesModel","DIRECT","RUNTIME","REACT_ROUTER / COMPONENT_TREE","ALL_ROLES","YES","frontend/src/controllers/UserProfileController.js:6 -> import from '../models/UserProfilePreferencesModel'","ACTIVE-SHARED-DEPENDENCY","HIGH","Direct local import of UserProfilePreferencesModel.js"
"frontend/src/controllers/UserSettingsController.js","SOURCE_FILE","controllers","frontend/src/models/UserSettingsModel.js","MODEL_USAGE","UserSettingsModel","DIRECT","RUNTIME","REACT_ROUTER / COMPONENT_TREE","ALL_ROLES","YES","frontend/src/controllers/UserSettingsController.js:6 -> import from '../models/UserSettingsModel'","ACTIVE-SHARED-DEPENDENCY","HIGH","Direct local import of UserSettingsModel.js"
"frontend/src/controllers/VerificationController.js","SOURCE_FILE","controllers","frontend/src/models/VerificationQueueModel.js","MODEL_USAGE","VerificationQueueModel","DIRECT","RUNTIME","REACT_ROUTER / COMPONENT_TREE","ALL_ROLES","YES","frontend/src/controllers/VerificationController.js:1 -> import from '../models/VerificationQueueModel'","ACTIVE-SHARED-DEPENDENCY","HIGH","Direct local import of VerificationQueueModel.js"
"frontend/src/controllers/__tests__/AdminSetupGuideController.test.js","TEST_FILE","controllers","frontend/src/controllers/AdminSetupGuideController.js","TEST_USAGE","{ AdminSetupGuideController }","DIRECT","TEST","TEST_HARNESS","ALL_ROLES","NO","frontend/src/controllers/__tests__/AdminSetupGuideController.test.js:2 -> import from '../AdminSetupGuideController'","TEST-ONLY-DEPENDENCY","HIGH","Direct local import of AdminSetupGuideController.js"
"frontend/src/controllers/__tests__/CertificateIssuance.test.js","TEST_FILE","controllers","frontend/src/controllers/CertificateIssuanceController.js","TEST_USAGE","CertificateIssuanceController","DIRECT","TEST","TEST_HARNESS","ALL_ROLES","NO","frontend/src/controllers/__tests__/CertificateIssuance.test.js:7 -> import from '../CertificateIssuanceController'","TEST-ONLY-DEPENDENCY","HIGH","Direct local import of CertificateIssuanceController.js"
"frontend/src/controllers/__tests__/RouteAccessController.test.js","TEST_FILE","controllers","frontend/src/controllers/RouteAccessController.js","TEST_USAGE","RouteAccessController","DIRECT","TEST","TEST_HARNESS","ALL_ROLES","NO","frontend/src/controllers/__tests__/RouteAccessController.test.js:2 -> import from '../RouteAccessController'","TEST-ONLY-DEPENDENCY","HIGH","Direct local import of RouteAccessController.js"
"frontend/src/hooks/useAdminSetupGuide.js","SOURCE_FILE","hooks","frontend/src/controllers/AdminSetupGuideController.js","CONTROLLER_USAGE","AdminSetupGuideController","DIRECT","RUNTIME","REACT_ROUTER / COMPONENT_TREE","ALL_ROLES","YES","frontend/src/hooks/useAdminSetupGuide.js:2 -> import from '../controllers/AdminSetupGuideController'","ACTIVE-SHARED-DEPENDENCY","HIGH","Direct local import of AdminSetupGuideController.js"
"frontend/src/hooks/useCertificateTemplates.js","SOURCE_FILE","hooks","frontend/src/controllers/CertificateTemplateController.js","CONTROLLER_USAGE","CertificateTemplateController","DIRECT","RUNTIME","REACT_ROUTER / COMPONENT_TREE","ALL_ROLES","YES","frontend/src/hooks/useCertificateTemplates.js:8 -> import from '../controllers/CertificateTemplateController'","ACTIVE-SHARED-DEPENDENCY","HIGH","Direct local import of CertificateTemplateController.js"
"frontend/src/hooks/useHR.js","SOURCE_FILE","hooks","frontend/src/controllers/HRController.js","CONTROLLER_USAGE","HRController","DIRECT","RUNTIME","REACT_ROUTER / COMPONENT_TREE","ALL_ROLES","YES","frontend/src/hooks/useHR.js:7 -> import from '../controllers/HRController'","ACTIVE-SHARED-DEPENDENCY","HIGH","Direct local import of HRController.js"
"frontend/src/hooks/useHR.js","SOURCE_FILE","hooks","frontend/src/services/provisioningService.js","SERVICE_USAGE","{ provisioningService }","DIRECT","RUNTIME","REACT_ROUTER / COMPONENT_TREE","ALL_ROLES","YES","frontend/src/hooks/useHR.js:8 -> import from '../services/provisioningService'","ACTIVE-SHARED-DEPENDENCY","HIGH","Direct local import of provisioningService.js"
"frontend/src/hooks/useHR.js","SOURCE_FILE","hooks","frontend/src/services/passwordResetAdminService.js","SERVICE_USAGE","{ fetchPasswordResetRequests, executePasswordReset }","DIRECT","RUNTIME","REACT_ROUTER / COMPONENT_TREE","ALL_ROLES","YES","frontend/src/hooks/useHR.js:9 -> import from '../services/passwordResetAdminService'","ACTIVE-SHARED-DEPENDENCY","HIGH","Direct local import of passwordResetAdminService.js"
"frontend/src/hooks/useHR.js","SOURCE_FILE","hooks","frontend/src/services/hrAdminService.js","SERVICE_USAGE","{ fetchHRAudit, fetchHRDashboard, fetchPersonnelDirectory, assignDeanRole, revokeDeanRole }","DIRECT","RUNTIME","REACT_ROUTER / COMPONENT_TREE","ALL_ROLES","YES","frontend/src/hooks/useHR.js:10 -> import from '../services/hrAdminService'","ACTIVE-SHARED-DEPENDENCY","HIGH","Direct local import of hrAdminService.js"
"frontend/src/hooks/useHRAuditTrail.js","SOURCE_FILE","hooks","frontend/src/controllers/HRAuditTrailController.js","CONTROLLER_USAGE","HRAuditTrailController","DIRECT","RUNTIME","REACT_ROUTER / COMPONENT_TREE","ALL_ROLES","YES","frontend/src/hooks/useHRAuditTrail.js:2 -> import from '../controllers/HRAuditTrailController'","ACTIVE-SHARED-DEPENDENCY","HIGH","Direct local import of HRAuditTrailController.js"
"frontend/src/hooks/useHRAuditTrail.js","SOURCE_FILE","hooks","frontend/src/utils/safeCsvExport.js","UTILITY_USAGE","exportSafeCsv","DIRECT","RUNTIME","REACT_ROUTER / COMPONENT_TREE","ALL_ROLES","YES","frontend/src/hooks/useHRAuditTrail.js:3 -> import from '../utils/safeCsvExport'","ACTIVE-SHARED-DEPENDENCY","HIGH","Direct local import of safeCsvExport.js"
"frontend/src/hooks/useHRRanking.js","SOURCE_FILE","hooks","frontend/src/controllers/HRRankingController.js","CONTROLLER_USAGE","HRRankingController","DIRECT","RUNTIME","REACT_ROUTER / COMPONENT_TREE","ALL_ROLES","YES","frontend/src/hooks/useHRRanking.js:2 -> import from '../controllers/HRRankingController.js'","ACTIVE-SHARED-DEPENDENCY","HIGH","Direct local import of HRRankingController.js"
"frontend/src/hooks/useOrganization.js","SOURCE_FILE","hooks","frontend/src/controllers/OrganizationController.js","CONTROLLER_USAGE","OrganizationController","DIRECT","RUNTIME","REACT_ROUTER / COMPONENT_TREE","ALL_ROLES","YES","frontend/src/hooks/useOrganization.js:2 -> import from '../controllers/OrganizationController'","ACTIVE-SHARED-DEPENDENCY","HIGH","Direct local import of OrganizationController.js"
"frontend/src/hooks/useOSAD.js","SOURCE_FILE","hooks","frontend/src/controllers/OSADController.js","CONTROLLER_USAGE","OSADController","DIRECT","RUNTIME","REACT_ROUTER / COMPONENT_TREE","ALL_ROLES","YES","frontend/src/hooks/useOSAD.js:2 -> import from '../controllers/OSADController'","ACTIVE-SHARED-DEPENDENCY","HIGH","Direct local import of OSADController.js"
"frontend/src/hooks/usePersonnelAchievements.js","SOURCE_FILE","hooks","frontend/src/controllers/PersonnelAchievementController.js","CONTROLLER_USAGE","PersonnelAchievementController","DIRECT","RUNTIME","REACT_ROUTER / COMPONENT_TREE","ALL_ROLES","YES","frontend/src/hooks/usePersonnelAchievements.js:2 -> import from '../controllers/PersonnelAchievementController.js'","ACTIVE-SHARED-DEPENDENCY","HIGH","Direct local import of PersonnelAchievementController.js"
"frontend/src/hooks/usePersonnelOnboardingDraft.js","SOURCE_FILE","hooks","frontend/src/controllers/PersonnelOnboardingDraftController.js","CONTROLLER_USAGE","PersonnelOnboardingDraftController","DIRECT","RUNTIME","REACT_ROUTER / COMPONENT_TREE","ALL_ROLES","YES","frontend/src/hooks/usePersonnelOnboardingDraft.js:8 -> import from '../controllers/PersonnelOnboardingDraftController.js'","ACTIVE-SHARED-DEPENDENCY","HIGH","Direct local import of PersonnelOnboardingDraftController.js"
"frontend/src/hooks/usePersonnelPortfolio.js","SOURCE_FILE","hooks","frontend/src/controllers/PersonnelPortfolioController.js","CONTROLLER_USAGE","PersonnelPortfolioController","DIRECT","RUNTIME","REACT_ROUTER / COMPONENT_TREE","ALL_ROLES","YES","frontend/src/hooks/usePersonnelPortfolio.js:2 -> import from '../controllers/PersonnelPortfolioController.js'","ACTIVE-SHARED-DEPENDENCY","HIGH","Direct local import of PersonnelPortfolioController.js"
"frontend/src/hooks/useStudentAchievements.js","SOURCE_FILE","hooks","frontend/src/controllers/StudentAchievementController.js","CONTROLLER_USAGE","StudentAchievementController","DIRECT","RUNTIME","REACT_ROUTER / COMPONENT_TREE","ALL_ROLES","YES","frontend/src/hooks/useStudentAchievements.js:2 -> import from '../controllers/StudentAchievementController'","ACTIVE-SHARED-DEPENDENCY","HIGH","Direct local import of StudentAchievementController.js"
"frontend/src/hooks/useStudentRoster.js","SOURCE_FILE","hooks","frontend/src/controllers/RosterController.js","CONTROLLER_USAGE","RosterController","DIRECT","RUNTIME","REACT_ROUTER / COMPONENT_TREE","ALL_ROLES","YES","frontend/src/hooks/useStudentRoster.js:2 -> import from '../controllers/RosterController'","ACTIVE-SHARED-DEPENDENCY","HIGH","Direct local import of RosterController.js"
"frontend/src/hooks/useTheme.js","SOURCE_FILE","hooks","frontend/src/context/ThemeContext.jsx","CONTEXT_USAGE","{ ThemeContext }","DIRECT","RUNTIME","REACT_ROUTER / COMPONENT_TREE","ALL_ROLES","YES","frontend/src/hooks/useTheme.js:2 -> import from '../context/ThemeContext'","ACTIVE-SHARED-DEPENDENCY","HIGH","Direct local import of ThemeContext.jsx"
"frontend/src/hooks/useUserProfile.js","SOURCE_FILE","hooks","frontend/src/models/AccountRolePresentation.js","MODEL_USAGE","{ getAccountRolePresentation }","DIRECT","RUNTIME","REACT_ROUTER / COMPONENT_TREE","ALL_ROLES","YES","frontend/src/hooks/useUserProfile.js:2 -> import from '../models/AccountRolePresentation'","ACTIVE-SHARED-DEPENDENCY","HIGH","Direct local import of AccountRolePresentation.js"
"frontend/src/hooks/useUserProfile.js","SOURCE_FILE","hooks","frontend/src/controllers/UserProfileController.js","CONTROLLER_USAGE","UserProfileController","DIRECT","RUNTIME","REACT_ROUTER / COMPONENT_TREE","ALL_ROLES","YES","frontend/src/hooks/useUserProfile.js:3 -> import from '../controllers/UserProfileController'","ACTIVE-SHARED-DEPENDENCY","HIGH","Direct local import of UserProfileController.js"
"frontend/src/hooks/useUserSettings.js","SOURCE_FILE","hooks","frontend/src/controllers/UserSettingsController.js","CONTROLLER_USAGE","UserSettingsController","DIRECT","RUNTIME","REACT_ROUTER / COMPONENT_TREE","ALL_ROLES","YES","frontend/src/hooks/useUserSettings.js:2 -> import from '../controllers/UserSettingsController'","ACTIVE-SHARED-DEPENDENCY","HIGH","Direct local import of UserSettingsController.js"
"frontend/src/hooks/useVerification.js","SOURCE_FILE","hooks","frontend/src/controllers/VerificationController.js","CONTROLLER_USAGE","VerificationController","DIRECT","RUNTIME","REACT_ROUTER / COMPONENT_TREE","ALL_ROLES","YES","frontend/src/hooks/useVerification.js:2 -> import from '../controllers/VerificationController'","ACTIVE-SHARED-DEPENDENCY","HIGH","Direct local import of VerificationController.js"
"frontend/src/main.jsx","SOURCE_FILE","main.jsx","frontend/src/index.css","STYLE_USAGE","*","DIRECT","RUNTIME","REACT_ROUTER / COMPONENT_TREE","ALL_ROLES","YES","frontend/src/main.jsx:4 -> import from './index.css'","ACTIVE-SHARED-DEPENDENCY","HIGH","Direct local import of index.css"
"frontend/src/main.jsx","SOURCE_FILE","main.jsx","frontend/src/App.jsx","STATIC_IMPORT","App","DIRECT","RUNTIME","REACT_ROUTER / COMPONENT_TREE","ALL_ROLES","YES","frontend/src/main.jsx:5 -> import from './App.jsx'","ACTIVE-SHARED-DEPENDENCY","HIGH","Direct local import of App.jsx"
"frontend/src/models/PersonnelPortfolioModel.js","SOURCE_FILE","models","frontend/src/models/RankingCriteriaModel.js","MODEL_USAGE","RankingCriteriaModel","DIRECT","RUNTIME","REACT_ROUTER / COMPONENT_TREE","ALL_ROLES","NO","frontend/src/models/PersonnelPortfolioModel.js:8 -> import from './RankingCriteriaModel.js'","ACTIVE-DEPENDENCY","HIGH","Direct local import of RankingCriteriaModel.js"
"frontend/src/models/VerificationQueueModel.js","SOURCE_FILE","models","frontend/src/models/AchievementModel.js","MODEL_USAGE","AchievementModel","DIRECT","RUNTIME","REACT_ROUTER / COMPONENT_TREE","ALL_ROLES","NO","frontend/src/models/VerificationQueueModel.js:1 -> import from './AchievementModel'","ACTIVE-DEPENDENCY","HIGH","Direct local import of AchievementModel.js"
"frontend/src/models/__tests__/AdminSetupGuideRegistry.test.js","TEST_FILE","models","frontend/src/models/AdminSetupGuideRegistry.js","TEST_USAGE","ADMIN_SETUP_GUIDES, { getAdminSetupGuide }","DIRECT","TEST","TEST_HARNESS","ALL_ROLES","NO","frontend/src/models/__tests__/AdminSetupGuideRegistry.test.js:2 -> import from '../AdminSetupGuideRegistry'","TEST-ONLY-DEPENDENCY","HIGH","Direct local import of AdminSetupGuideRegistry.js"
"frontend/src/models/__tests__/AdminSetupStatusModel.test.js","TEST_FILE","models","frontend/src/models/AdminSetupStatusModel.js","TEST_USAGE","{ AdminSetupStatusModel, SETUP_STEP_STATUS }","DIRECT","TEST","TEST_HARNESS","ALL_ROLES","NO","frontend/src/models/__tests__/AdminSetupStatusModel.test.js:2 -> import from '../AdminSetupStatusModel'","TEST-ONLY-DEPENDENCY","HIGH","Direct local import of AdminSetupStatusModel.js"
"frontend/src/models/__tests__/AwardCandidacyModel.test.js","TEST_FILE","models","frontend/src/models/AwardCandidacyModel.js","TEST_USAGE","{ AwardCandidacyModel, CANDIDACY_STATUS, OSAD_DECISION }","DIRECT","TEST","TEST_HARNESS","ALL_ROLES","NO","frontend/src/models/__tests__/AwardCandidacyModel.test.js:2 -> import from '../AwardCandidacyModel'","TEST-ONLY-DEPENDENCY","HIGH","Direct local import of AwardCandidacyModel.js"
"frontend/src/models/__tests__/AwardCycleModel.test.js","TEST_FILE","models","frontend/src/models/AwardCycleModel.js","TEST_USAGE","{ AwardCycleModel, AWARD_CYCLE_STATUS }","DIRECT","TEST","TEST_HARNESS","ALL_ROLES","NO","frontend/src/models/__tests__/AwardCycleModel.test.js:2 -> import from '../AwardCycleModel'","TEST-ONLY-DEPENDENCY","HIGH","Direct local import of AwardCycleModel.js"
"frontend/src/models/__tests__/CertificateTemplateRegistry.test.js","TEST_FILE","models","frontend/src/models/CertificateTemplateModel.js","TEST_USAGE","{ CertificateTemplateModel }","DIRECT","TEST","TEST_HARNESS","ALL_ROLES","NO","frontend/src/models/__tests__/CertificateTemplateRegistry.test.js:2 -> import from '../CertificateTemplateModel'","TEST-ONLY-DEPENDENCY","HIGH","Direct local import of CertificateTemplateModel.js"
"frontend/src/models/__tests__/CertificateTemplateRegistry.test.js","TEST_FILE","models","frontend/src/models/CertificateTemplateVersionModel.js","TEST_USAGE","{ CertificateTemplateVersionModel }","DIRECT","TEST","TEST_HARNESS","ALL_ROLES","NO","frontend/src/models/__tests__/CertificateTemplateRegistry.test.js:3 -> import from '../CertificateTemplateVersionModel'","TEST-ONLY-DEPENDENCY","HIGH","Direct local import of CertificateTemplateVersionModel.js"
"frontend/src/models/__tests__/CertificateTemplateRegistry.test.js","TEST_FILE","models","frontend/src/models/IssuedCertificateModel.js","TEST_USAGE","{ IssuedCertificateModel }","DIRECT","TEST","TEST_HARNESS","ALL_ROLES","NO","frontend/src/models/__tests__/CertificateTemplateRegistry.test.js:4 -> import from '../IssuedCertificateModel'","TEST-ONLY-DEPENDENCY","HIGH","Direct local import of IssuedCertificateModel.js"
"frontend/src/models/__tests__/CertificateTemplateRegistry.test.js","TEST_FILE","models","frontend/src/controllers/CertificateTemplateController.js","TEST_USAGE","CertificateTemplateController","DIRECT","TEST","TEST_HARNESS","ALL_ROLES","YES","frontend/src/models/__tests__/CertificateTemplateRegistry.test.js:5 -> import from '../../controllers/CertificateTemplateController'","TEST-ONLY-DEPENDENCY","HIGH","Direct local import of CertificateTemplateController.js"
"frontend/src/models/__tests__/CertificateTemplateRegistry.test.js","TEST_FILE","models","frontend/src/services/CertificateTemplateRenderer.js","TEST_USAGE","CertificateTemplateRenderer","DIRECT","TEST","TEST_HARNESS","ALL_ROLES","YES","frontend/src/models/__tests__/CertificateTemplateRegistry.test.js:6 -> import from '../../services/CertificateTemplateRenderer'","TEST-ONLY-DEPENDENCY","HIGH","Direct local import of CertificateTemplateRenderer.js"
"frontend/src/models/__tests__/CertificateTemplateRegistry.test.js","TEST_FILE","models","frontend/src/services/CertificateTemplateRecommendationService.js","TEST_USAGE","CertificateTemplateRecommendationService","DIRECT","TEST","TEST_HARNESS","ALL_ROLES","YES","frontend/src/models/__tests__/CertificateTemplateRegistry.test.js:7 -> import from '../../services/CertificateTemplateRecommendationService'","TEST-ONLY-DEPENDENCY","HIGH","Direct local import of CertificateTemplateRecommendationService.js"
"frontend/src/models/__tests__/OSADAcademicHierarchy.test.js","TEST_FILE","models","frontend/src/models/CollegeModel.js","TEST_USAGE","CollegeModel","DIRECT","TEST","TEST_HARNESS","ALL_ROLES","NO","frontend/src/models/__tests__/OSADAcademicHierarchy.test.js:2 -> import from '../CollegeModel'","TEST-ONLY-DEPENDENCY","HIGH","Direct local import of CollegeModel.js"
"frontend/src/models/__tests__/OSADAcademicHierarchy.test.js","TEST_FILE","models","frontend/src/models/DegreeProgramModel.js","TEST_USAGE","DegreeProgramModel","DIRECT","TEST","TEST_HARNESS","ALL_ROLES","NO","frontend/src/models/__tests__/OSADAcademicHierarchy.test.js:3 -> import from '../DegreeProgramModel'","TEST-ONLY-DEPENDENCY","HIGH","Direct local import of DegreeProgramModel.js"
"frontend/src/models/__tests__/OSADAcademicHierarchy.test.js","TEST_FILE","models","frontend/src/models/StudentOrganizationModel.js","TEST_USAGE","StudentOrganizationModel","DIRECT","TEST","TEST_HARNESS","ALL_ROLES","NO","frontend/src/models/__tests__/OSADAcademicHierarchy.test.js:4 -> import from '../StudentOrganizationModel'","TEST-ONLY-DEPENDENCY","HIGH","Direct local import of StudentOrganizationModel.js"
"frontend/src/models/__tests__/OSADAcademicHierarchy.test.js","TEST_FILE","models","frontend/src/models/ProgramCoordinatorAssignmentModel.js","TEST_USAGE","ProgramCoordinatorAssignmentModel","DIRECT","TEST","TEST_HARNESS","ALL_ROLES","NO","frontend/src/models/__tests__/OSADAcademicHierarchy.test.js:5 -> import from '../ProgramCoordinatorAssignmentModel'","TEST-ONLY-DEPENDENCY","HIGH","Direct local import of ProgramCoordinatorAssignmentModel.js"
"frontend/src/models/__tests__/OSADAcademicHierarchy.test.js","TEST_FILE","models","frontend/src/models/OrganizationModeratorAssignmentModel.js","TEST_USAGE","OrganizationModeratorAssignmentModel","DIRECT","TEST","TEST_HARNESS","ALL_ROLES","NO","frontend/src/models/__tests__/OSADAcademicHierarchy.test.js:6 -> import from '../OrganizationModeratorAssignmentModel'","TEST-ONLY-DEPENDENCY","HIGH","Direct local import of OrganizationModeratorAssignmentModel.js"
"frontend/src/pages/common/AccountPage.jsx","SOURCE_FILE","pages","frontend/src/utils/personnelPlacement.js","UTILITY_USAGE","{ formatPersonnelPlacement }","DIRECT","RUNTIME","REACT_ROUTER / COMPONENT_TREE","PUBLIC / SHARED","YES","frontend/src/pages/common/AccountPage.jsx:2 -> import from '../../utils/personnelPlacement'","ACTIVE-SHARED-DEPENDENCY","HIGH","Direct local import of personnelPlacement.js"
"frontend/src/pages/common/AccountPage.jsx","SOURCE_FILE","pages","frontend/src/context/AuthContext.jsx","CONTEXT_USAGE","{ useAuth }","DIRECT","RUNTIME","REACT_ROUTER / COMPONENT_TREE","PUBLIC / SHARED","YES","frontend/src/pages/common/AccountPage.jsx:21 -> import from '../../context/AuthContext'","ACTIVE-SHARED-DEPENDENCY","HIGH","Direct local import of AuthContext.jsx"
"frontend/src/pages/common/AccountPage.jsx","SOURCE_FILE","pages","frontend/src/hooks/useUserProfile.js","HOOK_USAGE","useUserProfile","DIRECT","RUNTIME","REACT_ROUTER / COMPONENT_TREE","PUBLIC / SHARED","YES","frontend/src/pages/common/AccountPage.jsx:22 -> import from '../../hooks/useUserProfile'","ACTIVE-SHARED-DEPENDENCY","HIGH","Direct local import of useUserProfile.js"
"frontend/src/pages/common/AccountPage.jsx","SOURCE_FILE","pages","frontend/src/config/supabase.js","CONFIG_USAGE","{ supabase }","DIRECT","RUNTIME","REACT_ROUTER / COMPONENT_TREE","PUBLIC / SHARED","YES","frontend/src/pages/common/AccountPage.jsx:23 -> import from '../../config/supabase'","ACTIVE-SHARED-DEPENDENCY","HIGH","Direct local import of supabase.js"
"frontend/src/pages/common/ChangePasswordPage.jsx","SOURCE_FILE","pages","frontend/src/services/authService.js","SERVICE_USAGE","{ submitPasswordChange, logoutUser, getCurrentUser }","DIRECT","RUNTIME","REACT_ROUTER / COMPONENT_TREE","PUBLIC / SHARED","YES","frontend/src/pages/common/ChangePasswordPage.jsx:13 -> import from '../../services/authService'","ACTIVE-SHARED-DEPENDENCY","HIGH","Direct local import of authService.js"
"frontend/src/pages/common/ForbiddenPage.jsx","SOURCE_FILE","pages","frontend/src/context/AuthContext.jsx","CONTEXT_USAGE","{ useAuth }","DIRECT","RUNTIME","REACT_ROUTER / COMPONENT_TREE","PUBLIC / SHARED","YES","frontend/src/pages/common/ForbiddenPage.jsx:9 -> import from '../../context/AuthContext'","ACTIVE-SHARED-DEPENDENCY","HIGH","Direct local import of AuthContext.jsx"
"frontend/src/pages/common/LoginPage.jsx","SOURCE_FILE","pages","frontend/src/services/authService.js","SERVICE_USAGE","{ authenticateUser, requestPasswordReset }","DIRECT","RUNTIME","REACT_ROUTER / COMPONENT_TREE","PUBLIC / SHARED","YES","frontend/src/pages/common/LoginPage.jsx:4 -> import from '../../services/authService'","ACTIVE-SHARED-DEPENDENCY","HIGH","Direct local import of authService.js"
"frontend/src/pages/common/LoginPage.jsx","SOURCE_FILE","pages","frontend/src/context/AuthContext.jsx","CONTEXT_USAGE","{ useAuth }","DIRECT","RUNTIME","REACT_ROUTER / COMPONENT_TREE","PUBLIC / SHARED","YES","frontend/src/pages/common/LoginPage.jsx:5 -> import from '../../context/AuthContext'","ACTIVE-SHARED-DEPENDENCY","HIGH","Direct local import of AuthContext.jsx"
"frontend/src/pages/common/PublicCertificateVerificationPage.jsx","SOURCE_FILE","pages","frontend/src/controllers/CertificateIssuanceController.js","CONTROLLER_USAGE","CertificateIssuanceController","DIRECT","RUNTIME","REACT_ROUTER / COMPONENT_TREE","PUBLIC / SHARED","YES","frontend/src/pages/common/PublicCertificateVerificationPage.jsx:10 -> import from '../../controllers/CertificateIssuanceController'","ACTIVE-SHARED-DEPENDENCY","HIGH","Direct local import of CertificateIssuanceController.js"
"frontend/src/pages/common/ResetPasswordPage.jsx","SOURCE_FILE","pages","frontend/src/config/supabase.js","CONFIG_USAGE","{ supabase }","DIRECT","RUNTIME","REACT_ROUTER / COMPONENT_TREE","PUBLIC / SHARED","YES","frontend/src/pages/common/ResetPasswordPage.jsx:3 -> import from '../../config/supabase'","ACTIVE-SHARED-DEPENDENCY","HIGH","Direct local import of supabase.js"
"frontend/src/pages/common/SettingsPage.jsx","SOURCE_FILE","pages","frontend/src/context/AuthContext.jsx","CONTEXT_USAGE","{ useAuth }","DIRECT","RUNTIME","REACT_ROUTER / COMPONENT_TREE","PUBLIC / SHARED","YES","frontend/src/pages/common/SettingsPage.jsx:14 -> import from '../../context/AuthContext'","ACTIVE-SHARED-DEPENDENCY","HIGH","Direct local import of AuthContext.jsx"
"frontend/src/pages/common/SettingsPage.jsx","SOURCE_FILE","pages","frontend/src/hooks/useTheme.js","HOOK_USAGE","useTheme","DIRECT","RUNTIME","REACT_ROUTER / COMPONENT_TREE","PUBLIC / SHARED","YES","frontend/src/pages/common/SettingsPage.jsx:15 -> import from '../../hooks/useTheme'","ACTIVE-SHARED-DEPENDENCY","HIGH","Direct local import of useTheme.js"
"frontend/src/pages/common/SettingsPage.jsx","SOURCE_FILE","pages","frontend/src/hooks/useUserSettings.js","HOOK_USAGE","useUserSettings","DIRECT","RUNTIME","REACT_ROUTER / COMPONENT_TREE","PUBLIC / SHARED","YES","frontend/src/pages/common/SettingsPage.jsx:16 -> import from '../../hooks/useUserSettings'","ACTIVE-SHARED-DEPENDENCY","HIGH","Direct local import of useUserSettings.js"
"frontend/src/pages/hr-admin/audit/AuditLogTimelineItem.jsx","SOURCE_FILE","pages","frontend/src/models/HRAuditEventRegistry.js","MODEL_USAGE","{ getEventMetadata }","DIRECT","RUNTIME","REACT_ROUTER / COMPONENT_TREE","hr_staff","YES","frontend/src/pages/hr-admin/audit/AuditLogTimelineItem.jsx:2 -> import from '../../../models/HRAuditEventRegistry'","ACTIVE-SHARED-DEPENDENCY","HIGH","Direct local import of HRAuditEventRegistry.js"
"frontend/src/pages/hr-admin/audit/AuditTrailFilterBar.jsx","SOURCE_FILE","pages","frontend/src/models/HRAuditEventRegistry.js","MODEL_USAGE","{ AUDIT_CATEGORIES }","DIRECT","RUNTIME","REACT_ROUTER / COMPONENT_TREE","hr_staff","YES","frontend/src/pages/hr-admin/audit/AuditTrailFilterBar.jsx:3 -> import from '../../../models/HRAuditEventRegistry'","ACTIVE-SHARED-DEPENDENCY","HIGH","Direct local import of HRAuditEventRegistry.js"
"frontend/src/pages/hr-admin/evaluation-submissions/evaluation/portfolio/FacultyPortfolioPane.jsx","SOURCE_FILE","pages","frontend/src/utils/personnelPlacement.js","UTILITY_USAGE","{ formatPersonnelPlacement }","DIRECT","RUNTIME","REACT_ROUTER / COMPONENT_TREE","hr_staff","YES","frontend/src/pages/hr-admin/evaluation-submissions/evaluation/portfolio/FacultyPortfolioPane.jsx:3 -> import from '../../../../../utils/personnelPlacement'","ACTIVE-SHARED-DEPENDENCY","HIGH","Direct local import of personnelPlacement.js"
"frontend/src/pages/hr-admin/evaluation-submissions/evaluation/PortfolioEvaluationStudio.jsx","SOURCE_FILE","pages","frontend/src/pages/hr-admin/evaluation-submissions/studio/StudioHeader.jsx","PAGE_USAGE","StudioHeader","DIRECT","RUNTIME","REACT_ROUTER / COMPONENT_TREE","hr_staff","NO","frontend/src/pages/hr-admin/evaluation-submissions/evaluation/PortfolioEvaluationStudio.jsx:2 -> import from '../studio/StudioHeader'","ACTIVE-DEPENDENCY","HIGH","Direct local import of StudioHeader.jsx"
"frontend/src/pages/hr-admin/evaluation-submissions/evaluation/PortfolioEvaluationStudio.jsx","SOURCE_FILE","pages","frontend/src/pages/hr-admin/evaluation-submissions/studio/StudioDecisionBar.jsx","PAGE_USAGE","StudioDecisionBar","DIRECT","RUNTIME","REACT_ROUTER / COMPONENT_TREE","hr_staff","NO","frontend/src/pages/hr-admin/evaluation-submissions/evaluation/PortfolioEvaluationStudio.jsx:3 -> import from '../studio/StudioDecisionBar'","ACTIVE-DEPENDENCY","HIGH","Direct local import of StudioDecisionBar.jsx"
"frontend/src/pages/hr-admin/evaluation-submissions/evaluation/PortfolioEvaluationStudio.jsx","SOURCE_FILE","pages","frontend/src/pages/hr-admin/evaluation-submissions/studio/portfolio/PortfolioNavigator.jsx","PAGE_USAGE","PortfolioNavigator","DIRECT","RUNTIME","REACT_ROUTER / COMPONENT_TREE","hr_staff","NO","frontend/src/pages/hr-admin/evaluation-submissions/evaluation/PortfolioEvaluationStudio.jsx:4 -> import from '../studio/portfolio/PortfolioNavigator'","ACTIVE-DEPENDENCY","HIGH","Direct local import of PortfolioNavigator.jsx"
"frontend/src/pages/hr-admin/evaluation-submissions/evaluation/PortfolioEvaluationStudio.jsx","SOURCE_FILE","pages","frontend/src/pages/hr-admin/evaluation-submissions/studio/evaluation/CriterionEvaluation.jsx","PAGE_USAGE","CriterionEvaluation","DIRECT","RUNTIME","REACT_ROUTER / COMPONENT_TREE","hr_staff","NO","frontend/src/pages/hr-admin/evaluation-submissions/evaluation/PortfolioEvaluationStudio.jsx:5 -> import from '../studio/evaluation/CriterionEvaluation'","ACTIVE-DEPENDENCY","HIGH","Direct local import of CriterionEvaluation.jsx"
"frontend/src/pages/hr-admin/evaluation-submissions/evaluation/PortfolioEvaluationStudio.jsx","SOURCE_FILE","pages","frontend/src/pages/hr-admin/evaluation-submissions/evaluation/rating/NDMURatingEngine.js","PAGE_USAGE","{ calculateNDMUScores }","DIRECT","RUNTIME","REACT_ROUTER / COMPONENT_TREE","hr_staff","NO","frontend/src/pages/hr-admin/evaluation-submissions/evaluation/PortfolioEvaluationStudio.jsx:6 -> import from './rating/NDMURatingEngine'","ACTIVE-DEPENDENCY","HIGH","Direct local import of NDMURatingEngine.js"
"frontend/src/pages/hr-admin/evaluation-submissions/evaluation/rating/NDMURatingEngine.js","SOURCE_FILE","pages","frontend/src/pages/hr-admin/evaluation-submissions/evaluation/rating/NDMURatingRules.js","PAGE_USAGE","{ NDMU_PERSONNEL_RATING_RULES, SOURCE_CONFIDENCE, SCORING_MODES, INSTITUTIONAL_CONFIRMATIONS }","DIRECT","RUNTIME","REACT_ROUTER / COMPONENT_TREE","hr_staff","NO","frontend/src/pages/hr-admin/evaluation-submissions/evaluation/rating/NDMURatingEngine.js:11 -> import from './NDMURatingRules'","ACTIVE-DEPENDENCY","HIGH","Direct local import of NDMURatingRules.js"
"frontend/src/pages/hr-admin/evaluation-submissions/evaluation/rating/NDMURatingPane.jsx","SOURCE_FILE","pages","frontend/src/pages/hr-admin/evaluation-submissions/studio/evaluation/CriterionEvaluation.jsx","PAGE_USAGE","CriterionEvaluation","DIRECT","RUNTIME","REACT_ROUTER / COMPONENT_TREE","hr_staff","NO","frontend/src/pages/hr-admin/evaluation-submissions/evaluation/rating/NDMURatingPane.jsx:3 -> import from '../../studio/evaluation/CriterionEvaluation'","ACTIVE-DEPENDENCY","HIGH","Direct local import of CriterionEvaluation.jsx"
"frontend/src/pages/hr-admin/evaluation-submissions/evaluation/rating/scoring/FixedOptionScoring.jsx","SOURCE_FILE","pages","frontend/src/components/ui/select.jsx","COMPONENT_USAGE","{ Select, SelectItem }","DIRECT","RUNTIME","REACT_ROUTER / COMPONENT_TREE","hr_staff","YES","frontend/src/pages/hr-admin/evaluation-submissions/evaluation/rating/scoring/FixedOptionScoring.jsx:2 -> import from '../../../../../../components/ui/select'","ACTIVE-SHARED-DEPENDENCY","HIGH","Direct local import of select.jsx"
"frontend/src/pages/hr-admin/evaluation-submissions/evaluation/rating/scoring/MatrixLookupControl.jsx","SOURCE_FILE","pages","frontend/src/components/ui/select.jsx","COMPONENT_USAGE","{ Select, SelectItem }","DIRECT","RUNTIME","REACT_ROUTER / COMPONENT_TREE","hr_staff","YES","frontend/src/pages/hr-admin/evaluation-submissions/evaluation/rating/scoring/MatrixLookupControl.jsx:2 -> import from '../../../../../../components/ui/select'","ACTIVE-SHARED-DEPENDENCY","HIGH","Direct local import of select.jsx"
"frontend/src/pages/hr-admin/evaluation-submissions/evaluation/rating/scoring/MatrixLookupControl.jsx","SOURCE_FILE","pages","frontend/src/pages/hr-admin/evaluation-submissions/evaluation/rating/NDMURatingEngine.js","PAGE_USAGE","{ calculateCriterionScore, SCORING_MODES }","DIRECT","RUNTIME","REACT_ROUTER / COMPONENT_TREE","hr_staff","NO","frontend/src/pages/hr-admin/evaluation-submissions/evaluation/rating/scoring/MatrixLookupControl.jsx:3 -> import from '../NDMURatingEngine'","ACTIVE-DEPENDENCY","HIGH","Direct local import of NDMURatingEngine.js"
"frontend/src/pages/hr-admin/evaluation-submissions/evaluation/rating/scoring/MixedDegreeScoring.jsx","SOURCE_FILE","pages","frontend/src/components/ui/select.jsx","COMPONENT_USAGE","{ Select, SelectItem }","DIRECT","RUNTIME","REACT_ROUTER / COMPONENT_TREE","hr_staff","YES","frontend/src/pages/hr-admin/evaluation-submissions/evaluation/rating/scoring/MixedDegreeScoring.jsx:2 -> import from '../../../../../../components/ui/select'","ACTIVE-SHARED-DEPENDENCY","HIGH","Direct local import of select.jsx"
"frontend/src/pages/hr-admin/evaluation-submissions/evaluation/rating/scoring/MixedDegreeScoring.jsx","SOURCE_FILE","pages","frontend/src/pages/hr-admin/evaluation-submissions/evaluation/rating/NDMURatingEngine.js","PAGE_USAGE","{ calculateCriterionScore, SCORING_MODES }","DIRECT","RUNTIME","REACT_ROUTER / COMPONENT_TREE","hr_staff","NO","frontend/src/pages/hr-admin/evaluation-submissions/evaluation/rating/scoring/MixedDegreeScoring.jsx:3 -> import from '../NDMURatingEngine'","ACTIVE-DEPENDENCY","HIGH","Direct local import of NDMURatingEngine.js"
"frontend/src/pages/hr-admin/evaluation-submissions/evaluation/rating/scoring/MultiFactorControl.jsx","SOURCE_FILE","pages","frontend/src/components/ui/select.jsx","COMPONENT_USAGE","{ Select, SelectItem }","DIRECT","RUNTIME","REACT_ROUTER / COMPONENT_TREE","hr_staff","YES","frontend/src/pages/hr-admin/evaluation-submissions/evaluation/rating/scoring/MultiFactorControl.jsx:2 -> import from '../../../../../../components/ui/select'","ACTIVE-SHARED-DEPENDENCY","HIGH","Direct local import of select.jsx"
"frontend/src/pages/hr-admin/evaluation-submissions/evaluation/rating/scoring/MultiFactorScoring.jsx","SOURCE_FILE","pages","frontend/src/components/ui/select.jsx","COMPONENT_USAGE","{ Select, SelectItem }","DIRECT","RUNTIME","REACT_ROUTER / COMPONENT_TREE","hr_staff","YES","frontend/src/pages/hr-admin/evaluation-submissions/evaluation/rating/scoring/MultiFactorScoring.jsx:2 -> import from '../../../../../../components/ui/select'","ACTIVE-SHARED-DEPENDENCY","HIGH","Direct local import of select.jsx"
"frontend/src/pages/hr-admin/evaluation-submissions/evaluation/rating/scoring/MultiFactorScoring.jsx","SOURCE_FILE","pages","frontend/src/pages/hr-admin/evaluation-submissions/evaluation/rating/NDMURatingEngine.js","PAGE_USAGE","{ calculateCriterionScore, SCORING_MODES }","DIRECT","RUNTIME","REACT_ROUTER / COMPONENT_TREE","hr_staff","NO","frontend/src/pages/hr-admin/evaluation-submissions/evaluation/rating/scoring/MultiFactorScoring.jsx:3 -> import from '../NDMURatingEngine'","ACTIVE-DEPENDENCY","HIGH","Direct local import of NDMURatingEngine.js"
"frontend/src/pages/hr-admin/evaluation-submissions/evaluation/rating/scoring/QuantityDerivedControl.jsx","SOURCE_FILE","pages","frontend/src/components/ui/select.jsx","COMPONENT_USAGE","{ Select, SelectItem }","DIRECT","RUNTIME","REACT_ROUTER / COMPONENT_TREE","hr_staff","YES","frontend/src/pages/hr-admin/evaluation-submissions/evaluation/rating/scoring/QuantityDerivedControl.jsx:2 -> import from '../../../../../../components/ui/select'","ACTIVE-SHARED-DEPENDENCY","HIGH","Direct local import of select.jsx"
"frontend/src/pages/hr-admin/evaluation-submissions/evaluation/rating/scoring/SingleCategoryControl.jsx","SOURCE_FILE","pages","frontend/src/components/ui/select.jsx","COMPONENT_USAGE","{ Select, SelectItem }","DIRECT","RUNTIME","REACT_ROUTER / COMPONENT_TREE","hr_staff","YES","frontend/src/pages/hr-admin/evaluation-submissions/evaluation/rating/scoring/SingleCategoryControl.jsx:2 -> import from '../../../../../../components/ui/select'","ACTIVE-SHARED-DEPENDENCY","HIGH","Direct local import of select.jsx"
"frontend/src/pages/hr-admin/evaluation-submissions/evaluation/rating/__tests__/NDMURatingEngine.test.js","TEST_FILE","pages","frontend/src/pages/hr-admin/evaluation-submissions/evaluation/rating/NDMURatingEngine.js","TEST_USAGE","{ calculateNDMUScores, calculateCriterionScore, NDMU_PERSONNEL_RATING_RULES, SOURCE_CONFIDENCE, SCORING_MODES, INSTITUTIONAL_CONFIRMATIONS }","DIRECT","TEST","TEST_HARNESS","hr_staff","NO","frontend/src/pages/hr-admin/evaluation-submissions/evaluation/rating/__tests__/NDMURatingEngine.test.js:9 -> import from '../NDMURatingEngine'","TEST-ONLY-DEPENDENCY","HIGH","Direct local import of NDMURatingEngine.js"
"frontend/src/pages/hr-admin/evaluation-submissions/queue/PortfolioSubmissionRow.jsx","SOURCE_FILE","pages","frontend/src/utils/personnelPlacement.js","UTILITY_USAGE","{ formatPersonnelPlacement }","DIRECT","RUNTIME","REACT_ROUTER / COMPONENT_TREE","hr_staff","YES","frontend/src/pages/hr-admin/evaluation-submissions/queue/PortfolioSubmissionRow.jsx:3 -> import from '../../../../utils/personnelPlacement'","ACTIVE-SHARED-DEPENDENCY","HIGH","Direct local import of personnelPlacement.js"
"frontend/src/pages/hr-admin/evaluation-submissions/studio/evaluation/CriterionEvaluation.jsx","SOURCE_FILE","pages","frontend/src/pages/hr-admin/evaluation-submissions/evaluation/rating/NDMURatingEngine.js","PAGE_USAGE","{ NDMU_PERSONNEL_RATING_RULES, SOURCE_CONFIDENCE, SCORING_MODES, calculateCriterionScore }","DIRECT","RUNTIME","REACT_ROUTER / COMPONENT_TREE","hr_staff","NO","frontend/src/pages/hr-admin/evaluation-submissions/studio/evaluation/CriterionEvaluation.jsx:8 -> import from '../../evaluation/rating/NDMURatingEngine'","ACTIVE-DEPENDENCY","HIGH","Direct local import of NDMURatingEngine.js"
"frontend/src/pages/hr-admin/evaluation-submissions/studio/evaluation/CriterionEvaluation.jsx","SOURCE_FILE","pages","frontend/src/pages/hr-admin/evaluation-submissions/evaluation/rating/scoring/FixedScoreControl.jsx","PAGE_USAGE","FixedScoreControl","DIRECT","RUNTIME","REACT_ROUTER / COMPONENT_TREE","hr_staff","NO","frontend/src/pages/hr-admin/evaluation-submissions/studio/evaluation/CriterionEvaluation.jsx:9 -> import from '../../evaluation/rating/scoring/FixedScoreControl'","ACTIVE-DEPENDENCY","HIGH","Direct local import of FixedScoreControl.jsx"
"frontend/src/pages/hr-admin/evaluation-submissions/studio/evaluation/CriterionEvaluation.jsx","SOURCE_FILE","pages","frontend/src/pages/hr-admin/evaluation-submissions/evaluation/rating/scoring/QuantityDerivedControl.jsx","PAGE_USAGE","QuantityDerivedControl","DIRECT","RUNTIME","REACT_ROUTER / COMPONENT_TREE","hr_staff","NO","frontend/src/pages/hr-admin/evaluation-submissions/studio/evaluation/CriterionEvaluation.jsx:10 -> import from '../../evaluation/rating/scoring/QuantityDerivedControl'","ACTIVE-DEPENDENCY","HIGH","Direct local import of QuantityDerivedControl.jsx"
"frontend/src/pages/hr-admin/evaluation-submissions/studio/evaluation/CriterionEvaluation.jsx","SOURCE_FILE","pages","frontend/src/pages/hr-admin/evaluation-submissions/evaluation/rating/scoring/SingleCategoryControl.jsx","PAGE_USAGE","SingleCategoryControl","DIRECT","RUNTIME","REACT_ROUTER / COMPONENT_TREE","hr_staff","NO","frontend/src/pages/hr-admin/evaluation-submissions/studio/evaluation/CriterionEvaluation.jsx:11 -> import from '../../evaluation/rating/scoring/SingleCategoryControl'","ACTIVE-DEPENDENCY","HIGH","Direct local import of SingleCategoryControl.jsx"
"frontend/src/pages/hr-admin/evaluation-submissions/studio/evaluation/CriterionEvaluation.jsx","SOURCE_FILE","pages","frontend/src/pages/hr-admin/evaluation-submissions/evaluation/rating/scoring/MultiFactorControl.jsx","PAGE_USAGE","MultiFactorControl","DIRECT","RUNTIME","REACT_ROUTER / COMPONENT_TREE","hr_staff","NO","frontend/src/pages/hr-admin/evaluation-submissions/studio/evaluation/CriterionEvaluation.jsx:12 -> import from '../../evaluation/rating/scoring/MultiFactorControl'","ACTIVE-DEPENDENCY","HIGH","Direct local import of MultiFactorControl.jsx"
"frontend/src/pages/hr-admin/evaluation-submissions/studio/evaluation/CriterionEvaluation.jsx","SOURCE_FILE","pages","frontend/src/pages/hr-admin/evaluation-submissions/evaluation/rating/scoring/MatrixLookupControl.jsx","PAGE_USAGE","MatrixLookupControl","DIRECT","RUNTIME","REACT_ROUTER / COMPONENT_TREE","hr_staff","NO","frontend/src/pages/hr-admin/evaluation-submissions/studio/evaluation/CriterionEvaluation.jsx:13 -> import from '../../evaluation/rating/scoring/MatrixLookupControl'","ACTIVE-DEPENDENCY","HIGH","Direct local import of MatrixLookupControl.jsx"
"frontend/src/pages/hr-admin/evaluation-submissions/studio/evaluation/CriterionEvaluation.jsx","SOURCE_FILE","pages","frontend/src/pages/hr-admin/evaluation-submissions/evaluation/rating/scoring/ManualBoundedControl.jsx","PAGE_USAGE","ManualBoundedControl","DIRECT","RUNTIME","REACT_ROUTER / COMPONENT_TREE","hr_staff","NO","frontend/src/pages/hr-admin/evaluation-submissions/studio/evaluation/CriterionEvaluation.jsx:14 -> import from '../../evaluation/rating/scoring/ManualBoundedControl'","ACTIVE-DEPENDENCY","HIGH","Direct local import of ManualBoundedControl.jsx"
"frontend/src/pages/hr-admin/evaluation-submissions/studio/evaluation/CriterionEvaluation.jsx","SOURCE_FILE","pages","frontend/src/pages/hr-admin/evaluation-submissions/evaluation/rating/scoring/AutomaticDerivedControl.jsx","PAGE_USAGE","AutomaticDerivedControl","DIRECT","RUNTIME","REACT_ROUTER / COMPONENT_TREE","hr_staff","NO","frontend/src/pages/hr-admin/evaluation-submissions/studio/evaluation/CriterionEvaluation.jsx:15 -> import from '../../evaluation/rating/scoring/AutomaticDerivedControl'","ACTIVE-DEPENDENCY","HIGH","Direct local import of AutomaticDerivedControl.jsx"
"frontend/src/pages/hr-admin/evaluation-submissions/studio/StudioHeader.jsx","SOURCE_FILE","pages","frontend/src/utils/personnelPlacement.js","UTILITY_USAGE","{ formatPersonnelPlacement }","DIRECT","RUNTIME","REACT_ROUTER / COMPONENT_TREE","hr_staff","YES","frontend/src/pages/hr-admin/evaluation-submissions/studio/StudioHeader.jsx:3 -> import from '../../../../utils/personnelPlacement'","ACTIVE-SHARED-DEPENDENCY","HIGH","Direct local import of personnelPlacement.js"
"frontend/src/pages/hr-admin/HRAuditTrailPage.jsx","SOURCE_FILE","pages","frontend/src/hooks/useHR.js","HOOK_USAGE","{ useHR }","DIRECT","RUNTIME","REACT_ROUTER / COMPONENT_TREE","hr_staff","YES","frontend/src/pages/hr-admin/HRAuditTrailPage.jsx:3 -> import from '../../hooks/useHR'","ACTIVE-SHARED-DEPENDENCY","HIGH","Direct local import of useHR.js"
"frontend/src/pages/hr-admin/HRAuditTrailPage.jsx","SOURCE_FILE","pages","frontend/src/hooks/useHRAuditTrail.js","HOOK_USAGE","{ useHRAuditTrail }","DIRECT","RUNTIME","REACT_ROUTER / COMPONENT_TREE","hr_staff","YES","frontend/src/pages/hr-admin/HRAuditTrailPage.jsx:4 -> import from '../../hooks/useHRAuditTrail'","ACTIVE-SHARED-DEPENDENCY","HIGH","Direct local import of useHRAuditTrail.js"
"frontend/src/pages/hr-admin/HRAuditTrailPage.jsx","SOURCE_FILE","pages","frontend/src/pages/hr-admin/audit/AuditTrailFilterBar.jsx","PAGE_USAGE","AuditTrailFilterBar","DIRECT","RUNTIME","REACT_ROUTER / COMPONENT_TREE","hr_staff","NO","frontend/src/pages/hr-admin/HRAuditTrailPage.jsx:5 -> import from './audit/AuditTrailFilterBar'","ACTIVE-DEPENDENCY","HIGH","Direct local import of AuditTrailFilterBar.jsx"
"frontend/src/pages/hr-admin/HRAuditTrailPage.jsx","SOURCE_FILE","pages","frontend/src/pages/hr-admin/audit/AuditLogTimelineItem.jsx","PAGE_USAGE","AuditLogTimelineItem","DIRECT","RUNTIME","REACT_ROUTER / COMPONENT_TREE","hr_staff","NO","frontend/src/pages/hr-admin/HRAuditTrailPage.jsx:6 -> import from './audit/AuditLogTimelineItem'","ACTIVE-DEPENDENCY","HIGH","Direct local import of AuditLogTimelineItem.jsx"
"frontend/src/pages/hr-admin/HRAuditTrailPage.jsx","SOURCE_FILE","pages","frontend/src/pages/hr-admin/audit/AuditTrailPagination.jsx","PAGE_USAGE","AuditTrailPagination","DIRECT","RUNTIME","REACT_ROUTER / COMPONENT_TREE","hr_staff","NO","frontend/src/pages/hr-admin/HRAuditTrailPage.jsx:7 -> import from './audit/AuditTrailPagination'","ACTIVE-DEPENDENCY","HIGH","Direct local import of AuditTrailPagination.jsx"
"frontend/src/pages/hr-admin/HRDashboardPage.jsx","SOURCE_FILE","pages","frontend/src/hooks/useHR.js","HOOK_USAGE","{ useHR }","DIRECT","RUNTIME","REACT_ROUTER / COMPONENT_TREE","hr_staff","YES","frontend/src/pages/hr-admin/HRDashboardPage.jsx:13 -> import from '../../hooks/useHR'","ACTIVE-SHARED-DEPENDENCY","HIGH","Direct local import of useHR.js"
"frontend/src/pages/hr-admin/HRDashboardPage.jsx","SOURCE_FILE","pages","frontend/src/models/HRModel.js","MODEL_USAGE","HRModel","DIRECT","RUNTIME","REACT_ROUTER / COMPONENT_TREE","hr_staff","YES","frontend/src/pages/hr-admin/HRDashboardPage.jsx:14 -> import from '../../models/HRModel'","ACTIVE-SHARED-DEPENDENCY","HIGH","Direct local import of HRModel.js"
"frontend/src/pages/hr-admin/HRDashboardPage.jsx","SOURCE_FILE","pages","frontend/src/pages/hr-admin/modals/DeanAssignmentModal.jsx","PAGE_USAGE","DeanAssignmentModal","DIRECT","RUNTIME","REACT_ROUTER / COMPONENT_TREE","hr_staff","NO","frontend/src/pages/hr-admin/HRDashboardPage.jsx:15 -> import from './modals/DeanAssignmentModal'","ACTIVE-DEPENDENCY","HIGH","Direct local import of DeanAssignmentModal.jsx"
"frontend/src/pages/hr-admin/HRDashboardPage.jsx","SOURCE_FILE","pages","frontend/src/pages/hr-admin/HRPersonnelDirectoryPage.jsx","PAGE_USAGE","HRPersonnelDirectory","DIRECT","RUNTIME","REACT_ROUTER / COMPONENT_TREE","hr_staff","NO","frontend/src/pages/hr-admin/HRDashboardPage.jsx:16 -> import from './HRPersonnelDirectoryPage'","ACTIVE-DEPENDENCY","HIGH","Direct local import of HRPersonnelDirectoryPage.jsx"
"frontend/src/pages/hr-admin/HRDashboardPage.jsx","SOURCE_FILE","pages","frontend/src/pages/hr-admin/HREvaluationSubmissionsPage.jsx","PAGE_USAGE","HREvaluationSubmissions","DIRECT","RUNTIME","REACT_ROUTER / COMPONENT_TREE","hr_staff","NO","frontend/src/pages/hr-admin/HRDashboardPage.jsx:17 -> import from './HREvaluationSubmissionsPage'","ACTIVE-DEPENDENCY","HIGH","Direct local import of HREvaluationSubmissionsPage.jsx"
"frontend/src/pages/hr-admin/HRDashboardPage.jsx","SOURCE_FILE","pages","frontend/src/pages/hr-admin/HRFacultyEvaluationOversightPage.jsx","PAGE_USAGE","HRFacultyEvaluationAndRanking","DIRECT","RUNTIME","REACT_ROUTER / COMPONENT_TREE","hr_staff","NO","frontend/src/pages/hr-admin/HRDashboardPage.jsx:18 -> import from './HRFacultyEvaluationOversightPage'","ACTIVE-DEPENDENCY","HIGH","Direct local import of HRFacultyEvaluationOversightPage.jsx"
"frontend/src/pages/hr-admin/HRDashboardPage.jsx","SOURCE_FILE","pages","frontend/src/pages/hr-admin/HRAuditTrailPage.jsx","PAGE_USAGE","HRAuditTrail","DIRECT","RUNTIME","REACT_ROUTER / COMPONENT_TREE","hr_staff","NO","frontend/src/pages/hr-admin/HRDashboardPage.jsx:19 -> import from './HRAuditTrailPage'","ACTIVE-DEPENDENCY","HIGH","Direct local import of HRAuditTrailPage.jsx"
"frontend/src/pages/hr-admin/HRDashboardPage.jsx","SOURCE_FILE","pages","frontend/src/pages/hr-admin/HRPasswordResetRequestsPage.jsx","PAGE_USAGE","HRPasswordResetRequests","DIRECT","RUNTIME","REACT_ROUTER / COMPONENT_TREE","hr_staff","NO","frontend/src/pages/hr-admin/HRDashboardPage.jsx:20 -> import from './HRPasswordResetRequestsPage'","ACTIVE-DEPENDENCY","HIGH","Direct local import of HRPasswordResetRequestsPage.jsx"
"frontend/src/pages/hr-admin/HRDashboardPage.jsx","SOURCE_FILE","pages","frontend/src/utils/personnelPlacement.js","UTILITY_USAGE","{ formatPersonnelPlacement, isAcademicPersonnel }","DIRECT","RUNTIME","REACT_ROUTER / COMPONENT_TREE","hr_staff","YES","frontend/src/pages/hr-admin/HRDashboardPage.jsx:21 -> import from '../../utils/personnelPlacement'","ACTIVE-SHARED-DEPENDENCY","HIGH","Direct local import of personnelPlacement.js"
"frontend/src/pages/hr-admin/HREvaluationSubmissionsPage.jsx","SOURCE_FILE","pages","frontend/src/hooks/useHR.js","HOOK_USAGE","{ useHR }","DIRECT","RUNTIME","REACT_ROUTER / COMPONENT_TREE","hr_staff","YES","frontend/src/pages/hr-admin/HREvaluationSubmissionsPage.jsx:3 -> import from '../../hooks/useHR'","ACTIVE-SHARED-DEPENDENCY","HIGH","Direct local import of useHR.js"
"frontend/src/pages/hr-admin/HREvaluationSubmissionsPage.jsx","SOURCE_FILE","pages","frontend/src/pages/hr-admin/evaluation-submissions/queue/VerificationQueueHeader.jsx","PAGE_USAGE","VerificationQueueHeader","DIRECT","RUNTIME","REACT_ROUTER / COMPONENT_TREE","hr_staff","NO","frontend/src/pages/hr-admin/HREvaluationSubmissionsPage.jsx:4 -> import from './evaluation-submissions/queue/VerificationQueueHeader'","ACTIVE-DEPENDENCY","HIGH","Direct local import of VerificationQueueHeader.jsx"
"frontend/src/pages/hr-admin/HREvaluationSubmissionsPage.jsx","SOURCE_FILE","pages","frontend/src/pages/hr-admin/evaluation-submissions/queue/VerificationStatusTabs.jsx","PAGE_USAGE","VerificationStatusTabs","DIRECT","RUNTIME","REACT_ROUTER / COMPONENT_TREE","hr_staff","NO","frontend/src/pages/hr-admin/HREvaluationSubmissionsPage.jsx:5 -> import from './evaluation-submissions/queue/VerificationStatusTabs'","ACTIVE-DEPENDENCY","HIGH","Direct local import of VerificationStatusTabs.jsx"
"frontend/src/pages/hr-admin/HREvaluationSubmissionsPage.jsx","SOURCE_FILE","pages","frontend/src/pages/hr-admin/evaluation-submissions/queue/VerificationQueueToolbar.jsx","PAGE_USAGE","VerificationQueueToolbar","DIRECT","RUNTIME","REACT_ROUTER / COMPONENT_TREE","hr_staff","NO","frontend/src/pages/hr-admin/HREvaluationSubmissionsPage.jsx:6 -> import from './evaluation-submissions/queue/VerificationQueueToolbar'","ACTIVE-DEPENDENCY","HIGH","Direct local import of VerificationQueueToolbar.jsx"
"frontend/src/pages/hr-admin/HREvaluationSubmissionsPage.jsx","SOURCE_FILE","pages","frontend/src/pages/hr-admin/evaluation-submissions/queue/PortfolioSubmissionRow.jsx","PAGE_USAGE","PortfolioSubmissionRow","DIRECT","RUNTIME","REACT_ROUTER / COMPONENT_TREE","hr_staff","NO","frontend/src/pages/hr-admin/HREvaluationSubmissionsPage.jsx:7 -> import from './evaluation-submissions/queue/PortfolioSubmissionRow'","ACTIVE-DEPENDENCY","HIGH","Direct local import of PortfolioSubmissionRow.jsx"
"frontend/src/pages/hr-admin/HREvaluationSubmissionsPage.jsx","SOURCE_FILE","pages","frontend/src/pages/hr-admin/evaluation-submissions/evaluation/PortfolioEvaluationStudio.jsx","PAGE_USAGE","PortfolioEvaluationStudio","DIRECT","RUNTIME","REACT_ROUTER / COMPONENT_TREE","hr_staff","NO","frontend/src/pages/hr-admin/HREvaluationSubmissionsPage.jsx:8 -> import from './evaluation-submissions/evaluation/PortfolioEvaluationStudio'","ACTIVE-DEPENDENCY","HIGH","Direct local import of PortfolioEvaluationStudio.jsx"
"frontend/src/pages/hr-admin/HREvaluationSubmissionsPage.jsx","SOURCE_FILE","pages","frontend/src/pages/hr-admin/evaluation-submissions/evaluation/actions/ReturnForRevisionModal.jsx","PAGE_USAGE","ReturnForRevisionModal","DIRECT","RUNTIME","REACT_ROUTER / COMPONENT_TREE","hr_staff","NO","frontend/src/pages/hr-admin/HREvaluationSubmissionsPage.jsx:9 -> import from './evaluation-submissions/evaluation/actions/ReturnForRevisionModal'","ACTIVE-DEPENDENCY","HIGH","Direct local import of ReturnForRevisionModal.jsx"
"frontend/src/pages/hr-admin/HREvaluationSubmissionsPage.jsx","SOURCE_FILE","pages","frontend/src/pages/hr-admin/evaluation-submissions/evaluation/actions/FinalizeEvaluationModal.jsx","PAGE_USAGE","FinalizeEvaluationModal","DIRECT","RUNTIME","REACT_ROUTER / COMPONENT_TREE","hr_staff","NO","frontend/src/pages/hr-admin/HREvaluationSubmissionsPage.jsx:10 -> import from './evaluation-submissions/evaluation/actions/FinalizeEvaluationModal'","ACTIVE-DEPENDENCY","HIGH","Direct local import of FinalizeEvaluationModal.jsx"
"frontend/src/pages/hr-admin/HRFacultyEvaluationOversightPage.jsx","SOURCE_FILE","pages","frontend/src/models/PersonnelPortfolioModel.js","MODEL_USAGE","PersonnelPortfolioModel","DIRECT","RUNTIME","REACT_ROUTER / COMPONENT_TREE","hr_staff","YES","frontend/src/pages/hr-admin/HRFacultyEvaluationOversightPage.jsx:3 -> import from '../../models/PersonnelPortfolioModel'","ACTIVE-SHARED-DEPENDENCY","HIGH","Direct local import of PersonnelPortfolioModel.js"
"frontend/src/pages/hr-admin/HRFacultyEvaluationOversightPage.jsx","SOURCE_FILE","pages","frontend/src/utils/personnelPlacement.js","UTILITY_USAGE","{ formatPersonnelPlacement }","DIRECT","RUNTIME","REACT_ROUTER / COMPONENT_TREE","hr_staff","YES","frontend/src/pages/hr-admin/HRFacultyEvaluationOversightPage.jsx:4 -> import from '../../utils/personnelPlacement'","ACTIVE-SHARED-DEPENDENCY","HIGH","Direct local import of personnelPlacement.js"
"frontend/src/pages/hr-admin/HRPasswordResetRequestsPage.jsx","SOURCE_FILE","pages","frontend/src/services/passwordResetAdminService.js","SERVICE_USAGE","{ fetchPasswordResetRequests, executePasswordReset, rejectPasswordReset }","DIRECT","RUNTIME","REACT_ROUTER / COMPONENT_TREE","hr_staff","YES","frontend/src/pages/hr-admin/HRPasswordResetRequestsPage.jsx:21 -> import from '../../services/passwordResetAdminService'","ACTIVE-SHARED-DEPENDENCY","HIGH","Direct local import of passwordResetAdminService.js"
"frontend/src/pages/hr-admin/HRPersonnelDirectoryPage.jsx","SOURCE_FILE","pages","frontend/src/hooks/useHR.js","HOOK_USAGE","{ useHR }","DIRECT","RUNTIME","REACT_ROUTER / COMPONENT_TREE","hr_staff","YES","frontend/src/pages/hr-admin/HRPersonnelDirectoryPage.jsx:4 -> import from '../../hooks/useHR'","ACTIVE-SHARED-DEPENDENCY","HIGH","Direct local import of useHR.js"
"frontend/src/pages/hr-admin/HRPersonnelDirectoryPage.jsx","SOURCE_FILE","pages","frontend/src/pages/hr-admin/personnel-directory/PersonnelDirectoryHeader.jsx","PAGE_USAGE","PersonnelDirectoryHeader","DIRECT","RUNTIME","REACT_ROUTER / COMPONENT_TREE","hr_staff","NO","frontend/src/pages/hr-admin/HRPersonnelDirectoryPage.jsx:5 -> import from './personnel-directory/PersonnelDirectoryHeader'","ACTIVE-DEPENDENCY","HIGH","Direct local import of PersonnelDirectoryHeader.jsx"
"frontend/src/pages/hr-admin/HRPersonnelDirectoryPage.jsx","SOURCE_FILE","pages","frontend/src/pages/hr-admin/personnel-directory/GovernanceTabs.jsx","PAGE_USAGE","GovernanceTabs","DIRECT","RUNTIME","REACT_ROUTER / COMPONENT_TREE","hr_staff","NO","frontend/src/pages/hr-admin/HRPersonnelDirectoryPage.jsx:6 -> import from './personnel-directory/GovernanceTabs'","ACTIVE-DEPENDENCY","HIGH","Direct local import of GovernanceTabs.jsx"
"frontend/src/pages/hr-admin/HRPersonnelDirectoryPage.jsx","SOURCE_FILE","pages","frontend/src/pages/hr-admin/personnel-directory/PersonnelDirectoryTable.jsx","PAGE_USAGE","PersonnelDirectoryTable","DIRECT","RUNTIME","REACT_ROUTER / COMPONENT_TREE","hr_staff","NO","frontend/src/pages/hr-admin/HRPersonnelDirectoryPage.jsx:7 -> import from './personnel-directory/PersonnelDirectoryTable'","ACTIVE-DEPENDENCY","HIGH","Direct local import of PersonnelDirectoryTable.jsx"
"frontend/src/pages/hr-admin/HRPersonnelDirectoryPage.jsx","SOURCE_FILE","pages","frontend/src/pages/hr-admin/personnel-directory/FacultyDossierDrawer.jsx","PAGE_USAGE","FacultyDossierDrawer","DIRECT","RUNTIME","REACT_ROUTER / COMPONENT_TREE","hr_staff","NO","frontend/src/pages/hr-admin/HRPersonnelDirectoryPage.jsx:8 -> import from './personnel-directory/FacultyDossierDrawer'","ACTIVE-DEPENDENCY","HIGH","Direct local import of FacultyDossierDrawer.jsx"
"frontend/src/pages/hr-admin/HRPersonnelDirectoryPage.jsx","SOURCE_FILE","pages","frontend/src/pages/hr-admin/personnel-directory/EditAssignmentModal.jsx","PAGE_USAGE","EditAssignmentModal","DIRECT","RUNTIME","REACT_ROUTER / COMPONENT_TREE","hr_staff","NO","frontend/src/pages/hr-admin/HRPersonnelDirectoryPage.jsx:9 -> import from './personnel-directory/EditAssignmentModal'","ACTIVE-DEPENDENCY","HIGH","Direct local import of EditAssignmentModal.jsx"
"frontend/src/pages/hr-admin/HRPersonnelDirectoryPage.jsx","SOURCE_FILE","pages","frontend/src/pages/hr-admin/personnel-directory/PasswordResetQueue.jsx","PAGE_USAGE","PasswordResetQueue","DIRECT","RUNTIME","REACT_ROUTER / COMPONENT_TREE","hr_staff","NO","frontend/src/pages/hr-admin/HRPersonnelDirectoryPage.jsx:10 -> import from './personnel-directory/PasswordResetQueue'","ACTIVE-DEPENDENCY","HIGH","Direct local import of PasswordResetQueue.jsx"
"frontend/src/pages/hr-admin/HRPersonnelDirectoryPage.jsx","SOURCE_FILE","pages","frontend/src/pages/hr-admin/personnel-directory/OnboardPersonnelModal.jsx","PAGE_USAGE","OnboardPersonnelModal","DIRECT","RUNTIME","REACT_ROUTER / COMPONENT_TREE","hr_staff","NO","frontend/src/pages/hr-admin/HRPersonnelDirectoryPage.jsx:11 -> import from './personnel-directory/OnboardPersonnelModal'","ACTIVE-DEPENDENCY","HIGH","Direct local import of OnboardPersonnelModal.jsx"
"frontend/src/pages/hr-admin/HRPersonnelDirectoryPage.jsx","SOURCE_FILE","pages","frontend/src/pages/hr-admin/personnel-directory/ResetPersonnelPasswordModal.jsx","PAGE_USAGE","ResetPersonnelPasswordModal","DIRECT","RUNTIME","REACT_ROUTER / COMPONENT_TREE","hr_staff","NO","frontend/src/pages/hr-admin/HRPersonnelDirectoryPage.jsx:12 -> import from './personnel-directory/ResetPersonnelPasswordModal'","ACTIVE-DEPENDENCY","HIGH","Direct local import of ResetPersonnelPasswordModal.jsx"
"frontend/src/pages/hr-admin/HRPersonnelDirectoryPage.jsx","SOURCE_FILE","pages","frontend/src/utils/personnelPlacement.js","UTILITY_USAGE","{ collectPersonnelPlacementOptions }","DIRECT","RUNTIME","REACT_ROUTER / COMPONENT_TREE","hr_staff","YES","frontend/src/pages/hr-admin/HRPersonnelDirectoryPage.jsx:13 -> import from '../../utils/personnelPlacement'","ACTIVE-SHARED-DEPENDENCY","HIGH","Direct local import of personnelPlacement.js"
"frontend/src/pages/hr-admin/HRRankAssignmentLogsPage.jsx","SOURCE_FILE","pages","frontend/src/hooks/useHR.js","HOOK_USAGE","{ useHR }","DIRECT","RUNTIME","REACT_ROUTER / COMPONENT_TREE","hr_staff","YES","frontend/src/pages/hr-admin/HRRankAssignmentLogsPage.jsx:7 -> import from '../../hooks/useHR'","ACTIVE-SHARED-DEPENDENCY","HIGH","Direct local import of useHR.js"
"frontend/src/pages/hr-admin/modals/DeanAssignmentModal.jsx","SOURCE_FILE","pages","frontend/src/services/hrAdminService.js","SERVICE_USAGE","{ assignDeanRole }","DIRECT","RUNTIME","REACT_ROUTER / COMPONENT_TREE","hr_staff","YES","frontend/src/pages/hr-admin/modals/DeanAssignmentModal.jsx:3 -> import from '../../../services/hrAdminService'","ACTIVE-SHARED-DEPENDENCY","HIGH","Direct local import of hrAdminService.js"
"frontend/src/pages/hr-admin/personnel-directory/EditAssignmentModal.jsx","SOURCE_FILE","pages","frontend/src/utils/personnelPlacement.js","UTILITY_USAGE","{ isAcademicPersonnel, validatePersonnelPlacement }","DIRECT","RUNTIME","REACT_ROUTER / COMPONENT_TREE","hr_staff","YES","frontend/src/pages/hr-admin/personnel-directory/EditAssignmentModal.jsx:3 -> import from '../../../utils/personnelPlacement'","ACTIVE-SHARED-DEPENDENCY","HIGH","Direct local import of personnelPlacement.js"
"frontend/src/pages/hr-admin/personnel-directory/FacultyDirectory.jsx","SOURCE_FILE","pages","frontend/src/pages/hr-admin/personnel-directory/PersonnelDirectoryTable.jsx","PAGE_USAGE","PersonnelDirectoryTable","DIRECT","RUNTIME","REACT_ROUTER / COMPONENT_TREE","hr_staff","NO","frontend/src/pages/hr-admin/personnel-directory/FacultyDirectory.jsx:1 -> import from './PersonnelDirectoryTable'","ACTIVE-DEPENDENCY","HIGH","Direct local import of PersonnelDirectoryTable.jsx"
"frontend/src/pages/hr-admin/personnel-directory/FacultyDossierDrawer.jsx","SOURCE_FILE","pages","frontend/src/utils/personnelPlacement.js","UTILITY_USAGE","{ formatPersonnelPlacement, isAcademicPersonnel }","DIRECT","RUNTIME","REACT_ROUTER / COMPONENT_TREE","hr_staff","YES","frontend/src/pages/hr-admin/personnel-directory/FacultyDossierDrawer.jsx:2 -> import from '../../../utils/personnelPlacement'","ACTIVE-SHARED-DEPENDENCY","HIGH","Direct local import of personnelPlacement.js"
"frontend/src/pages/hr-admin/personnel-directory/OnboardPersonnelModal.jsx","SOURCE_FILE","pages","frontend/src/utils/personnelPlacement.js","UTILITY_USAGE","{ validatePersonnelPlacement }","DIRECT","RUNTIME","REACT_ROUTER / COMPONENT_TREE","hr_staff","YES","frontend/src/pages/hr-admin/personnel-directory/OnboardPersonnelModal.jsx:3 -> import from '../../../utils/personnelPlacement'","ACTIVE-SHARED-DEPENDENCY","HIGH","Direct local import of personnelPlacement.js"
"frontend/src/pages/hr-admin/personnel-directory/PersonnelDirectoryTable.jsx","SOURCE_FILE","pages","frontend/src/pages/hr-admin/personnel-directory/PersonnelActionsMenu.jsx","PAGE_USAGE","PersonnelActionsMenu","DIRECT","RUNTIME","REACT_ROUTER / COMPONENT_TREE","hr_staff","NO","frontend/src/pages/hr-admin/personnel-directory/PersonnelDirectoryTable.jsx:8 -> import from './PersonnelActionsMenu'","ACTIVE-DEPENDENCY","HIGH","Direct local import of PersonnelActionsMenu.jsx"
"frontend/src/pages/hr-admin/personnel-directory/PersonnelDirectoryTable.jsx","SOURCE_FILE","pages","frontend/src/components/ui/select.jsx","COMPONENT_USAGE","{ Select, SelectItem }","DIRECT","RUNTIME","REACT_ROUTER / COMPONENT_TREE","hr_staff","YES","frontend/src/pages/hr-admin/personnel-directory/PersonnelDirectoryTable.jsx:9 -> import from '../../../components/ui/select'","ACTIVE-SHARED-DEPENDENCY","HIGH","Direct local import of select.jsx"
"frontend/src/pages/osad-admin/modals/PersonnelSelectorModal.jsx","SOURCE_FILE","pages","frontend/src/utils/personnelPlacement.js","UTILITY_USAGE","{ formatPersonnelPlacement }","DIRECT","RUNTIME","REACT_ROUTER / COMPONENT_TREE","osad_staff","YES","frontend/src/pages/osad-admin/modals/PersonnelSelectorModal.jsx:2 -> import from '../../../utils/personnelPlacement'","ACTIVE-SHARED-DEPENDENCY","HIGH","Direct local import of personnelPlacement.js"
"frontend/src/pages/osad-admin/OSADAcademicProgramsPage.jsx","SOURCE_FILE","pages","frontend/src/pages/osad-admin/OSADAcademicHeaderActions.js","PAGE_USAGE","{ getActionAvailability }","DIRECT","RUNTIME","REACT_ROUTER / COMPONENT_TREE","osad_staff","NO","frontend/src/pages/osad-admin/OSADAcademicProgramsPage.jsx:3 -> import from './OSADAcademicHeaderActions'","ACTIVE-DEPENDENCY","HIGH","Direct local import of OSADAcademicHeaderActions.js"
"frontend/src/pages/osad-admin/OSADAwardCandidateReviewPage.jsx","SOURCE_FILE","pages","frontend/src/components/osad/CandidateStatusBadge.jsx","COMPONENT_USAGE","CandidateStatusBadge","DIRECT","RUNTIME","REACT_ROUTER / COMPONENT_TREE","osad_staff","YES","frontend/src/pages/osad-admin/OSADAwardCandidateReviewPage.jsx:21 -> import from '../../components/osad/CandidateStatusBadge'","ACTIVE-SHARED-DEPENDENCY","HIGH","Direct local import of CandidateStatusBadge.jsx"
"frontend/src/pages/osad-admin/OSADAwardCandidateReviewPage.jsx","SOURCE_FILE","pages","frontend/src/components/osad/CandidatePortfolioReviewDrawer.jsx","COMPONENT_USAGE","CandidatePortfolioReviewDrawer","DIRECT","RUNTIME","REACT_ROUTER / COMPONENT_TREE","osad_staff","YES","frontend/src/pages/osad-admin/OSADAwardCandidateReviewPage.jsx:22 -> import from '../../components/osad/CandidatePortfolioReviewDrawer'","ACTIVE-SHARED-DEPENDENCY","HIGH","Direct local import of CandidatePortfolioReviewDrawer.jsx"
"frontend/src/pages/osad-admin/OSADAwardCandidateReviewPage.jsx","SOURCE_FILE","pages","frontend/src/components/osad/BatchInterviewAdvancementToolbar.jsx","COMPONENT_USAGE","BatchInterviewAdvancementToolbar","DIRECT","RUNTIME","REACT_ROUTER / COMPONENT_TREE","osad_staff","YES","frontend/src/pages/osad-admin/OSADAwardCandidateReviewPage.jsx:23 -> import from '../../components/osad/BatchInterviewAdvancementToolbar'","ACTIVE-SHARED-DEPENDENCY","HIGH","Direct local import of BatchInterviewAdvancementToolbar.jsx"
"frontend/src/pages/osad-admin/OSADAwardCandidateReviewPage.jsx","SOURCE_FILE","pages","frontend/src/components/osad/BatchInterviewAdvancementModal.jsx","COMPONENT_USAGE","BatchInterviewAdvancementModal","DIRECT","RUNTIME","REACT_ROUTER / COMPONENT_TREE","osad_staff","YES","frontend/src/pages/osad-admin/OSADAwardCandidateReviewPage.jsx:24 -> import from '../../components/osad/BatchInterviewAdvancementModal'","ACTIVE-SHARED-DEPENDENCY","HIGH","Direct local import of BatchInterviewAdvancementModal.jsx"
"frontend/src/pages/osad-admin/OSADAwardCandidateReviewPage.jsx","SOURCE_FILE","pages","frontend/src/components/osad/AdvancementDecisionCorrectionModal.jsx","COMPONENT_USAGE","AdvancementDecisionCorrectionModal","DIRECT","RUNTIME","REACT_ROUTER / COMPONENT_TREE","osad_staff","YES","frontend/src/pages/osad-admin/OSADAwardCandidateReviewPage.jsx:25 -> import from '../../components/osad/AdvancementDecisionCorrectionModal'","ACTIVE-SHARED-DEPENDENCY","HIGH","Direct local import of AdvancementDecisionCorrectionModal.jsx"
"frontend/src/pages/osad-admin/OSADAwardCandidateReviewPage.jsx","SOURCE_FILE","pages","frontend/src/components/osad/CategoryOverviewCards.jsx","COMPONENT_USAGE","CategoryOverviewCards","DIRECT","RUNTIME","REACT_ROUTER / COMPONENT_TREE","osad_staff","YES","frontend/src/pages/osad-admin/OSADAwardCandidateReviewPage.jsx:26 -> import from '../../components/osad/CategoryOverviewCards'","ACTIVE-SHARED-DEPENDENCY","HIGH","Direct local import of CategoryOverviewCards.jsx"
"frontend/src/pages/osad-admin/OSADAwardCandidateReviewPage.jsx","SOURCE_FILE","pages","frontend/src/components/osad/CandidateReviewActions.jsx","COMPONENT_USAGE","CandidateReviewActions","DIRECT","RUNTIME","REACT_ROUTER / COMPONENT_TREE","osad_staff","YES","frontend/src/pages/osad-admin/OSADAwardCandidateReviewPage.jsx:27 -> import from '../../components/osad/CandidateReviewActions'","ACTIVE-SHARED-DEPENDENCY","HIGH","Direct local import of CandidateReviewActions.jsx"
"frontend/src/pages/osad-admin/OSADAwardCandidateReviewPage.jsx","SOURCE_FILE","pages","frontend/src/services/Stage1CandidateReportService.js","SERVICE_USAGE","Stage1CandidateReportService","DIRECT","RUNTIME","REACT_ROUTER / COMPONENT_TREE","osad_staff","YES","frontend/src/pages/osad-admin/OSADAwardCandidateReviewPage.jsx:28 -> import from '../../services/Stage1CandidateReportService'","ACTIVE-SHARED-DEPENDENCY","HIGH","Direct local import of Stage1CandidateReportService.js"
"frontend/src/pages/osad-admin/OSADAwardCandidateReviewPage.jsx","SOURCE_FILE","pages","frontend/src/services/AwardPortfolioReviewService.js","SERVICE_USAGE","AwardPortfolioReviewService","DIRECT","RUNTIME","REACT_ROUTER / COMPONENT_TREE","osad_staff","YES","frontend/src/pages/osad-admin/OSADAwardCandidateReviewPage.jsx:29 -> import from '../../services/AwardPortfolioReviewService'","ACTIVE-SHARED-DEPENDENCY","HIGH","Direct local import of AwardPortfolioReviewService.js"
"frontend/src/pages/osad-admin/OSADCertificateTemplatesPage.jsx","SOURCE_FILE","pages","frontend/src/hooks/useCertificateTemplates.js","HOOK_USAGE","{ useCertificateTemplates }","DIRECT","RUNTIME","REACT_ROUTER / COMPONENT_TREE","osad_staff","YES","frontend/src/pages/osad-admin/OSADCertificateTemplatesPage.jsx:3 -> import from '../../hooks/useCertificateTemplates'","ACTIVE-SHARED-DEPENDENCY","HIGH","Direct local import of useCertificateTemplates.js"
"frontend/src/pages/osad-admin/OSADCertificateTemplatesPage.jsx","SOURCE_FILE","pages","frontend/src/components/osad/CertificateTemplateEditorModal.jsx","COMPONENT_USAGE","CertificateTemplateEditorModal","DIRECT","RUNTIME","REACT_ROUTER / COMPONENT_TREE","osad_staff","YES","frontend/src/pages/osad-admin/OSADCertificateTemplatesPage.jsx:4 -> import from '../../components/osad/CertificateTemplateEditorModal'","ACTIVE-SHARED-DEPENDENCY","HIGH","Direct local import of CertificateTemplateEditorModal.jsx"
"frontend/src/pages/osad-admin/OSADCommandCenterPage.jsx","SOURCE_FILE","pages","frontend/src/components/osad/OSADOperationalSummary.jsx","COMPONENT_USAGE","OSADOperationalSummary","DIRECT","RUNTIME","REACT_ROUTER / COMPONENT_TREE","osad_staff","YES","frontend/src/pages/osad-admin/OSADCommandCenterPage.jsx:3 -> import from '../../components/osad/OSADOperationalSummary'","ACTIVE-SHARED-DEPENDENCY","HIGH","Direct local import of OSADOperationalSummary.jsx"
"frontend/src/pages/osad-admin/OSADCommandCenterPage.jsx","SOURCE_FILE","pages","frontend/src/components/osad/PotentialAwardCandidatesPreview.jsx","COMPONENT_USAGE","PotentialAwardCandidatesPreview","DIRECT","RUNTIME","REACT_ROUTER / COMPONENT_TREE","osad_staff","YES","frontend/src/pages/osad-admin/OSADCommandCenterPage.jsx:4 -> import from '../../components/osad/PotentialAwardCandidatesPreview'","ACTIVE-SHARED-DEPENDENCY","HIGH","Direct local import of PotentialAwardCandidatesPreview.jsx"
"frontend/src/pages/osad-admin/OSADDashboardPage.jsx","SOURCE_FILE","pages","frontend/src/hooks/useOSAD.js","HOOK_USAGE","useOSAD","DIRECT","RUNTIME","REACT_ROUTER / COMPONENT_TREE","osad_staff","YES","frontend/src/pages/osad-admin/OSADDashboardPage.jsx:17 -> import from '../../hooks/useOSAD'","ACTIVE-SHARED-DEPENDENCY","HIGH","Direct local import of useOSAD.js"
"frontend/src/pages/osad-admin/OSADDashboardPage.jsx","SOURCE_FILE","pages","frontend/src/pages/osad-admin/modals/PersonnelSelectorModal.jsx","PAGE_USAGE","PersonnelSelectorModal","DIRECT","RUNTIME","REACT_ROUTER / COMPONENT_TREE","osad_staff","NO","frontend/src/pages/osad-admin/OSADDashboardPage.jsx:18 -> import from './modals/PersonnelSelectorModal'","ACTIVE-DEPENDENCY","HIGH","Direct local import of PersonnelSelectorModal.jsx"
"frontend/src/pages/osad-admin/OSADDashboardPage.jsx","SOURCE_FILE","pages","frontend/src/pages/osad-admin/modals/CreateCollegeModal.jsx","PAGE_USAGE","CreateCollegeModal","DIRECT","RUNTIME","REACT_ROUTER / COMPONENT_TREE","osad_staff","NO","frontend/src/pages/osad-admin/OSADDashboardPage.jsx:19 -> import from './modals/CreateCollegeModal'","ACTIVE-DEPENDENCY","HIGH","Direct local import of CreateCollegeModal.jsx"
"frontend/src/pages/osad-admin/OSADDashboardPage.jsx","SOURCE_FILE","pages","frontend/src/pages/osad-admin/modals/CreateProgramModal.jsx","PAGE_USAGE","CreateProgramModal","DIRECT","RUNTIME","REACT_ROUTER / COMPONENT_TREE","osad_staff","NO","frontend/src/pages/osad-admin/OSADDashboardPage.jsx:20 -> import from './modals/CreateProgramModal'","ACTIVE-DEPENDENCY","HIGH","Direct local import of CreateProgramModal.jsx"
"frontend/src/pages/osad-admin/OSADDashboardPage.jsx","SOURCE_FILE","pages","frontend/src/services/roleService.js","SERVICE_USAGE","roleService","DIRECT","RUNTIME","REACT_ROUTER / COMPONENT_TREE","osad_staff","YES","frontend/src/pages/osad-admin/OSADDashboardPage.jsx:21 -> import from '../../services/roleService'","ACTIVE-SHARED-DEPENDENCY","HIGH","Direct local import of roleService.js"
"frontend/src/pages/osad-admin/OSADDashboardPage.jsx","SOURCE_FILE","pages","frontend/src/pages/osad-admin/OSADCommandCenterPage.jsx","PAGE_USAGE","OSADCommandCenterPage","DIRECT","RUNTIME","REACT_ROUTER / COMPONENT_TREE","osad_staff","NO","frontend/src/pages/osad-admin/OSADDashboardPage.jsx:22 -> import from './OSADCommandCenterPage'","ACTIVE-DEPENDENCY","HIGH","Direct local import of OSADCommandCenterPage.jsx"
"frontend/src/pages/osad-admin/OSADDashboardPage.jsx","SOURCE_FILE","pages","frontend/src/pages/osad-admin/OSADStudentAccountsPage.jsx","PAGE_USAGE","OSADStudentAccountsPage","DIRECT","RUNTIME","REACT_ROUTER / COMPONENT_TREE","osad_staff","NO","frontend/src/pages/osad-admin/OSADDashboardPage.jsx:23 -> import from './OSADStudentAccountsPage'","ACTIVE-DEPENDENCY","HIGH","Direct local import of OSADStudentAccountsPage.jsx"
"frontend/src/pages/osad-admin/OSADDashboardPage.jsx","SOURCE_FILE","pages","frontend/src/pages/osad-admin/OSADAcademicProgramsPage.jsx","PAGE_USAGE","OSADAcademicProgramsPage","DIRECT","RUNTIME","REACT_ROUTER / COMPONENT_TREE","osad_staff","NO","frontend/src/pages/osad-admin/OSADDashboardPage.jsx:24 -> import from './OSADAcademicProgramsPage'","ACTIVE-DEPENDENCY","HIGH","Direct local import of OSADAcademicProgramsPage.jsx"
"frontend/src/pages/osad-admin/OSADDashboardPage.jsx","SOURCE_FILE","pages","frontend/src/pages/osad-admin/OSADStudentOrganizationsPage.jsx","PAGE_USAGE","OSADStudentOrganizationsPage","DIRECT","RUNTIME","REACT_ROUTER / COMPONENT_TREE","osad_staff","NO","frontend/src/pages/osad-admin/OSADDashboardPage.jsx:25 -> import from './OSADStudentOrganizationsPage'","ACTIVE-DEPENDENCY","HIGH","Direct local import of OSADStudentOrganizationsPage.jsx"
"frontend/src/pages/osad-admin/OSADDashboardPage.jsx","SOURCE_FILE","pages","frontend/src/pages/osad-admin/OSADCertificateTemplatesPage.jsx","PAGE_USAGE","OSADCertificateTemplatesPage","DIRECT","RUNTIME","REACT_ROUTER / COMPONENT_TREE","osad_staff","NO","frontend/src/pages/osad-admin/OSADDashboardPage.jsx:26 -> import from './OSADCertificateTemplatesPage'","ACTIVE-DEPENDENCY","HIGH","Direct local import of OSADCertificateTemplatesPage.jsx"
"frontend/src/pages/osad-admin/OSADDashboardPage.jsx","SOURCE_FILE","pages","frontend/src/pages/osad-admin/OSADAwardCategoriesPage.jsx","PAGE_USAGE","OSADAwardCategoriesPage","DIRECT","RUNTIME","REACT_ROUTER / COMPONENT_TREE","osad_staff","NO","frontend/src/pages/osad-admin/OSADDashboardPage.jsx:27 -> import from './OSADAwardCategoriesPage'","ACTIVE-DEPENDENCY","HIGH","Direct local import of OSADAwardCategoriesPage.jsx"
"frontend/src/pages/osad-admin/OSADDashboardPage.jsx","SOURCE_FILE","pages","frontend/src/pages/osad-admin/OSADAwardCandidateReviewPage.jsx","PAGE_USAGE","OSADAwardCandidateReviewPage","DIRECT","RUNTIME","REACT_ROUTER / COMPONENT_TREE","osad_staff","NO","frontend/src/pages/osad-admin/OSADDashboardPage.jsx:28 -> import from './OSADAwardCandidateReviewPage'","ACTIVE-DEPENDENCY","HIGH","Direct local import of OSADAwardCandidateReviewPage.jsx"
"frontend/src/pages/osad-admin/OSADDashboardPage.jsx","SOURCE_FILE","pages","frontend/src/pages/osad-admin/OSADAccreditationReportsPage.jsx","PAGE_USAGE","OSADAccreditationReportsPage","DIRECT","RUNTIME","REACT_ROUTER / COMPONENT_TREE","osad_staff","NO","frontend/src/pages/osad-admin/OSADDashboardPage.jsx:29 -> import from './OSADAccreditationReportsPage'","ACTIVE-DEPENDENCY","HIGH","Direct local import of OSADAccreditationReportsPage.jsx"
"frontend/src/pages/osad-admin/OSADDashboardPage.jsx","SOURCE_FILE","pages","frontend/src/pages/osad-admin/OSADSystemAuditLogsPage.jsx","PAGE_USAGE","OSADSystemAuditLogsPage","DIRECT","RUNTIME","REACT_ROUTER / COMPONENT_TREE","osad_staff","NO","frontend/src/pages/osad-admin/OSADDashboardPage.jsx:30 -> import from './OSADSystemAuditLogsPage'","ACTIVE-DEPENDENCY","HIGH","Direct local import of OSADSystemAuditLogsPage.jsx"
"frontend/src/pages/osad-admin/OSADDashboardPage.jsx","SOURCE_FILE","pages","frontend/src/pages/osad-admin/OSADPasswordResetRequestsPage.jsx","PAGE_USAGE","OSADPasswordResetRequestsPage","DIRECT","RUNTIME","REACT_ROUTER / COMPONENT_TREE","osad_staff","NO","frontend/src/pages/osad-admin/OSADDashboardPage.jsx:31 -> import from './OSADPasswordResetRequestsPage'","ACTIVE-DEPENDENCY","HIGH","Direct local import of OSADPasswordResetRequestsPage.jsx"
"frontend/src/pages/osad-admin/OSADPasswordResetRequestsPage.jsx","SOURCE_FILE","pages","frontend/src/services/passwordResetAdminService.js","SERVICE_USAGE","{ fetchPasswordResetRequests, executePasswordReset, rejectPasswordReset }","DIRECT","RUNTIME","REACT_ROUTER / COMPONENT_TREE","osad_staff","YES","frontend/src/pages/osad-admin/OSADPasswordResetRequestsPage.jsx:21 -> import from '../../services/passwordResetAdminService'","ACTIVE-SHARED-DEPENDENCY","HIGH","Direct local import of passwordResetAdminService.js"
"frontend/src/pages/osad-admin/OSADStudentAccountsPage.jsx","SOURCE_FILE","pages","frontend/src/utils/nameFormatter.js","UTILITY_USAGE","{ formatLastNameFirst }","DIRECT","RUNTIME","REACT_ROUTER / COMPONENT_TREE","osad_staff","YES","frontend/src/pages/osad-admin/OSADStudentAccountsPage.jsx:27 -> import from '../../utils/nameFormatter'","ACTIVE-SHARED-DEPENDENCY","HIGH","Direct local import of nameFormatter.js"
"frontend/src/pages/osad-admin/__tests__/OSADAcademicHeaderActions.test.js","TEST_FILE","pages","frontend/src/pages/osad-admin/OSADAcademicHeaderActions.js","TEST_USAGE","{ getRecommendedCreationAction, getActionAvailability }","DIRECT","TEST","TEST_HARNESS","osad_staff","NO","frontend/src/pages/osad-admin/__tests__/OSADAcademicHeaderActions.test.js:2 -> import from '../OSADAcademicHeaderActions'","TEST-ONLY-DEPENDENCY","HIGH","Direct local import of OSADAcademicHeaderActions.js"
"frontend/src/pages/personnel/modals/PersonnelSubmissionModal.jsx","SOURCE_FILE","pages","frontend/src/models/RankingCriteriaModel.js","MODEL_USAGE","RankingCriteriaModel","DIRECT","RUNTIME","REACT_ROUTER / COMPONENT_TREE","personnel, dean, program_coordinator, organization_moderator","YES","frontend/src/pages/personnel/modals/PersonnelSubmissionModal.jsx:26 -> import from '../../../models/RankingCriteriaModel.js'","ACTIVE-SHARED-DEPENDENCY","HIGH","Direct local import of RankingCriteriaModel.js"
"frontend/src/pages/personnel/modals/PersonnelSubmissionModal.jsx","SOURCE_FILE","pages","frontend/src/controllers/SecurityController.js","CONTROLLER_USAGE","SecurityController","DIRECT","RUNTIME","REACT_ROUTER / COMPONENT_TREE","personnel, dean, program_coordinator, organization_moderator","YES","frontend/src/pages/personnel/modals/PersonnelSubmissionModal.jsx:27 -> import from '../../../controllers/SecurityController.js'","ACTIVE-SHARED-DEPENDENCY","HIGH","Direct local import of SecurityController.js"
"frontend/src/pages/personnel/modals/PersonnelSubmissionModal.jsx","SOURCE_FILE","pages","frontend/src/controllers/OcrScanController.js","CONTROLLER_USAGE","OcrScanController","DIRECT","RUNTIME","REACT_ROUTER / COMPONENT_TREE","personnel, dean, program_coordinator, organization_moderator","YES","frontend/src/pages/personnel/modals/PersonnelSubmissionModal.jsx:28 -> import from '../../../controllers/OcrScanController.js'","ACTIVE-SHARED-DEPENDENCY","HIGH","Direct local import of OcrScanController.js"
"frontend/src/pages/personnel/organization-moderator/AttendanceScannerModal.jsx","SOURCE_FILE","pages","frontend/src/controllers/AttendanceController.js","CONTROLLER_USAGE","AttendanceController","DIRECT","RUNTIME","REACT_ROUTER / COMPONENT_TREE","personnel, dean, program_coordinator, organization_moderator","YES","frontend/src/pages/personnel/organization-moderator/AttendanceScannerModal.jsx:3 -> import from '../../../controllers/AttendanceController'","ACTIVE-SHARED-DEPENDENCY","HIGH","Direct local import of AttendanceController.js"
"frontend/src/pages/personnel/organization-moderator/certificates/DigitalCertificatesWorkspace.jsx","SOURCE_FILE","pages","frontend/src/controllers/CertificateIssuanceController.js","CONTROLLER_USAGE","CertificateIssuanceController","DIRECT","RUNTIME","REACT_ROUTER / COMPONENT_TREE","personnel, dean, program_coordinator, organization_moderator","YES","frontend/src/pages/personnel/organization-moderator/certificates/DigitalCertificatesWorkspace.jsx:8 -> import from '../../../../controllers/CertificateIssuanceController'","ACTIVE-SHARED-DEPENDENCY","HIGH","Direct local import of CertificateIssuanceController.js"
"frontend/src/pages/personnel/organization-moderator/certificates/DigitalCertificatesWorkspace.jsx","SOURCE_FILE","pages","frontend/src/pages/personnel/organization-moderator/certificates/modals/IssueCertificatesModal.jsx","PAGE_USAGE","IssueCertificatesModal","DIRECT","RUNTIME","REACT_ROUTER / COMPONENT_TREE","personnel, dean, program_coordinator, organization_moderator","NO","frontend/src/pages/personnel/organization-moderator/certificates/DigitalCertificatesWorkspace.jsx:9 -> import from './modals/IssueCertificatesModal'","ACTIVE-DEPENDENCY","HIGH","Direct local import of IssueCertificatesModal.jsx"
"frontend/src/pages/personnel/organization-moderator/certificates/modals/IssueCertificatesModal.jsx","SOURCE_FILE","pages","frontend/src/controllers/CertificateIssuanceController.js","CONTROLLER_USAGE","CertificateIssuanceController","DIRECT","RUNTIME","REACT_ROUTER / COMPONENT_TREE","personnel, dean, program_coordinator, organization_moderator","YES","frontend/src/pages/personnel/organization-moderator/certificates/modals/IssueCertificatesModal.jsx:8 -> import from '../../../../../controllers/CertificateIssuanceController'","ACTIVE-SHARED-DEPENDENCY","HIGH","Direct local import of CertificateIssuanceController.js"
"frontend/src/pages/personnel/organization-moderator/certificates/modals/IssueCertificatesModal.jsx","SOURCE_FILE","pages","frontend/src/pages/personnel/organization-moderator/certificates/modals/CertificateRecipientReview.jsx","PAGE_USAGE","CertificateRecipientReview","DIRECT","RUNTIME","REACT_ROUTER / COMPONENT_TREE","personnel, dean, program_coordinator, organization_moderator","NO","frontend/src/pages/personnel/organization-moderator/certificates/modals/IssueCertificatesModal.jsx:9 -> import from './CertificateRecipientReview'","ACTIVE-DEPENDENCY","HIGH","Direct local import of CertificateRecipientReview.jsx"
"frontend/src/pages/personnel/organization-moderator/certificates/modals/IssueCertificatesModal.jsx","SOURCE_FILE","pages","frontend/src/pages/personnel/organization-moderator/certificates/modals/CertificateTemplatePicker.jsx","PAGE_USAGE","CertificateTemplatePicker","DIRECT","RUNTIME","REACT_ROUTER / COMPONENT_TREE","personnel, dean, program_coordinator, organization_moderator","NO","frontend/src/pages/personnel/organization-moderator/certificates/modals/IssueCertificatesModal.jsx:10 -> import from './CertificateTemplatePicker'","ACTIVE-DEPENDENCY","HIGH","Direct local import of CertificateTemplatePicker.jsx"
"frontend/src/pages/personnel/organization-moderator/certificates/modals/IssueCertificatesModal.jsx","SOURCE_FILE","pages","frontend/src/pages/personnel/organization-moderator/certificates/modals/CertificateSignatoryResolver.jsx","PAGE_USAGE","CertificateSignatoryResolver","DIRECT","RUNTIME","REACT_ROUTER / COMPONENT_TREE","personnel, dean, program_coordinator, organization_moderator","NO","frontend/src/pages/personnel/organization-moderator/certificates/modals/IssueCertificatesModal.jsx:11 -> import from './CertificateSignatoryResolver'","ACTIVE-DEPENDENCY","HIGH","Direct local import of CertificateSignatoryResolver.jsx"
"frontend/src/pages/personnel/organization-moderator/certificates/modals/IssueCertificatesModal.jsx","SOURCE_FILE","pages","frontend/src/pages/personnel/organization-moderator/certificates/modals/CertificateIssuancePreview.jsx","PAGE_USAGE","CertificateIssuancePreview","DIRECT","RUNTIME","REACT_ROUTER / COMPONENT_TREE","personnel, dean, program_coordinator, organization_moderator","NO","frontend/src/pages/personnel/organization-moderator/certificates/modals/IssueCertificatesModal.jsx:12 -> import from './CertificateIssuancePreview'","ACTIVE-DEPENDENCY","HIGH","Direct local import of CertificateIssuancePreview.jsx"
"frontend/src/pages/personnel/organization-moderator/DigitalCertificateModal.jsx","SOURCE_FILE","pages","frontend/src/utils/signatureVault.js","UTILITY_USAGE","SignatureVault, { DEFAULT_SIG_1_IMG, DEFAULT_SIG_2_IMG, parseSignatoryInfo }","DIRECT","RUNTIME","REACT_ROUTER / COMPONENT_TREE","personnel, dean, program_coordinator, organization_moderator","YES","frontend/src/pages/personnel/organization-moderator/DigitalCertificateModal.jsx:3 -> import from '../../../utils/signatureVault'","ACTIVE-SHARED-DEPENDENCY","HIGH","Direct local import of signatureVault.js"
"frontend/src/pages/personnel/organization-moderator/EventCreationModal.jsx","SOURCE_FILE","pages","frontend/src/controllers/OrganizationController.js","CONTROLLER_USAGE","OrganizationController","DIRECT","RUNTIME","REACT_ROUTER / COMPONENT_TREE","personnel, dean, program_coordinator, organization_moderator","YES","frontend/src/pages/personnel/organization-moderator/EventCreationModal.jsx:3 -> import from '../../../controllers/OrganizationController'","ACTIVE-SHARED-DEPENDENCY","HIGH","Direct local import of OrganizationController.js"
"frontend/src/pages/personnel/organization-moderator/EventCreationModal.jsx","SOURCE_FILE","pages","frontend/src/controllers/CertificateTemplateController.js","CONTROLLER_USAGE","CertificateTemplateController","DIRECT","RUNTIME","REACT_ROUTER / COMPONENT_TREE","personnel, dean, program_coordinator, organization_moderator","YES","frontend/src/pages/personnel/organization-moderator/EventCreationModal.jsx:4 -> import from '../../../controllers/CertificateTemplateController'","ACTIVE-SHARED-DEPENDENCY","HIGH","Direct local import of CertificateTemplateController.js"
"frontend/src/pages/personnel/organization-moderator/EventCreationModal.jsx","SOURCE_FILE","pages","frontend/src/utils/signatureVault.js","UTILITY_USAGE","SignatureVault, { parseSignatoryInfo }","DIRECT","RUNTIME","REACT_ROUTER / COMPONENT_TREE","personnel, dean, program_coordinator, organization_moderator","YES","frontend/src/pages/personnel/organization-moderator/EventCreationModal.jsx:5 -> import from '../../../utils/signatureVault'","ACTIVE-SHARED-DEPENDENCY","HIGH","Direct local import of signatureVault.js"
"frontend/src/pages/personnel/organization-moderator/OfficerScannerPage.jsx","SOURCE_FILE","pages","frontend/src/controllers/OrganizationController.js","CONTROLLER_USAGE","OrganizationController","DIRECT","RUNTIME","REACT_ROUTER / COMPONENT_TREE","personnel, dean, program_coordinator, organization_moderator","YES","frontend/src/pages/personnel/organization-moderator/OfficerScannerPage.jsx:20 -> import from '../../../controllers/OrganizationController'","ACTIVE-SHARED-DEPENDENCY","HIGH","Direct local import of OrganizationController.js"
"frontend/src/pages/personnel/organization-moderator/OfficerScannerPage.jsx","SOURCE_FILE","pages","frontend/src/controllers/AttendanceController.js","CONTROLLER_USAGE","AttendanceController","DIRECT","RUNTIME","REACT_ROUTER / COMPONENT_TREE","personnel, dean, program_coordinator, organization_moderator","YES","frontend/src/pages/personnel/organization-moderator/OfficerScannerPage.jsx:21 -> import from '../../../controllers/AttendanceController'","ACTIVE-SHARED-DEPENDENCY","HIGH","Direct local import of AttendanceController.js"
"frontend/src/pages/personnel/organization-moderator/OrganizationModeratorDashboardPage.jsx","SOURCE_FILE","pages","frontend/src/hooks/useOrganization.js","HOOK_USAGE","useOrganization","DIRECT","RUNTIME","REACT_ROUTER / COMPONENT_TREE","personnel, dean, program_coordinator, organization_moderator","YES","frontend/src/pages/personnel/organization-moderator/OrganizationModeratorDashboardPage.jsx:38 -> import from '../../../hooks/useOrganization'","ACTIVE-SHARED-DEPENDENCY","HIGH","Direct local import of useOrganization.js"
"frontend/src/pages/personnel/organization-moderator/OrganizationModeratorDashboardPage.jsx","SOURCE_FILE","pages","frontend/src/controllers/AttendanceController.js","CONTROLLER_USAGE","AttendanceController","DIRECT","RUNTIME","REACT_ROUTER / COMPONENT_TREE","personnel, dean, program_coordinator, organization_moderator","YES","frontend/src/pages/personnel/organization-moderator/OrganizationModeratorDashboardPage.jsx:39 -> import from '../../../controllers/AttendanceController'","ACTIVE-SHARED-DEPENDENCY","HIGH","Direct local import of AttendanceController.js"
"frontend/src/pages/personnel/organization-moderator/OrganizationModeratorDashboardPage.jsx","SOURCE_FILE","pages","frontend/src/controllers/OrganizationController.js","CONTROLLER_USAGE","OrganizationController","DIRECT","RUNTIME","REACT_ROUTER / COMPONENT_TREE","personnel, dean, program_coordinator, organization_moderator","YES","frontend/src/pages/personnel/organization-moderator/OrganizationModeratorDashboardPage.jsx:40 -> import from '../../../controllers/OrganizationController'","ACTIVE-SHARED-DEPENDENCY","HIGH","Direct local import of OrganizationController.js"
"frontend/src/pages/personnel/organization-moderator/OrganizationModeratorDashboardPage.jsx","SOURCE_FILE","pages","frontend/src/pages/personnel/organization-moderator/EventCreationModal.jsx","PAGE_USAGE","EventCreationModal","DIRECT","RUNTIME","REACT_ROUTER / COMPONENT_TREE","personnel, dean, program_coordinator, organization_moderator","NO","frontend/src/pages/personnel/organization-moderator/OrganizationModeratorDashboardPage.jsx:41 -> import from './EventCreationModal'","ACTIVE-DEPENDENCY","HIGH","Direct local import of EventCreationModal.jsx"
"frontend/src/pages/personnel/organization-moderator/OrganizationModeratorDashboardPage.jsx","SOURCE_FILE","pages","frontend/src/pages/personnel/organization-moderator/AttendanceScannerModal.jsx","PAGE_USAGE","AttendanceScannerModal","DIRECT","RUNTIME","REACT_ROUTER / COMPONENT_TREE","personnel, dean, program_coordinator, organization_moderator","NO","frontend/src/pages/personnel/organization-moderator/OrganizationModeratorDashboardPage.jsx:42 -> import from './AttendanceScannerModal'","ACTIVE-DEPENDENCY","HIGH","Direct local import of AttendanceScannerModal.jsx"
"frontend/src/pages/personnel/organization-moderator/OrganizationModeratorDashboardPage.jsx","SOURCE_FILE","pages","frontend/src/pages/personnel/organization-moderator/DigitalCertificateModal.jsx","PAGE_USAGE","DigitalCertificateModal","DIRECT","RUNTIME","REACT_ROUTER / COMPONENT_TREE","personnel, dean, program_coordinator, organization_moderator","NO","frontend/src/pages/personnel/organization-moderator/OrganizationModeratorDashboardPage.jsx:43 -> import from './DigitalCertificateModal'","ACTIVE-DEPENDENCY","HIGH","Direct local import of DigitalCertificateModal.jsx"
"frontend/src/pages/personnel/organization-moderator/OrganizationModeratorDashboardPage.jsx","SOURCE_FILE","pages","frontend/src/pages/personnel/organization-moderator/EventCardOptionsMenu.jsx","PAGE_USAGE","EventCardOptionsMenu","DIRECT","RUNTIME","REACT_ROUTER / COMPONENT_TREE","personnel, dean, program_coordinator, organization_moderator","NO","frontend/src/pages/personnel/organization-moderator/OrganizationModeratorDashboardPage.jsx:44 -> import from './EventCardOptionsMenu'","ACTIVE-DEPENDENCY","HIGH","Direct local import of EventCardOptionsMenu.jsx"
"frontend/src/pages/personnel/organization-moderator/OrganizationModeratorDashboardPage.jsx","SOURCE_FILE","pages","frontend/src/utils/signatureVault.js","UTILITY_USAGE","SignatureVault, { DEFAULT_SIG_1_IMG, DEFAULT_SIG_2_IMG, parseSignatoryInfo }","DIRECT","RUNTIME","REACT_ROUTER / COMPONENT_TREE","personnel, dean, program_coordinator, organization_moderator","YES","frontend/src/pages/personnel/organization-moderator/OrganizationModeratorDashboardPage.jsx:45 -> import from '../../../utils/signatureVault'","ACTIVE-SHARED-DEPENDENCY","HIGH","Direct local import of signatureVault.js"
"frontend/src/pages/personnel/organization-moderator/OrganizationModeratorDashboardPage.jsx","SOURCE_FILE","pages","frontend/src/pages/personnel/organization-moderator/certificates/DigitalCertificatesWorkspace.jsx","PAGE_USAGE","DigitalCertificatesWorkspace","DIRECT","RUNTIME","REACT_ROUTER / COMPONENT_TREE","personnel, dean, program_coordinator, organization_moderator","NO","frontend/src/pages/personnel/organization-moderator/OrganizationModeratorDashboardPage.jsx:46 -> import from './certificates/DigitalCertificatesWorkspace'","ACTIVE-DEPENDENCY","HIGH","Direct local import of DigitalCertificatesWorkspace.jsx"
"frontend/src/pages/personnel/PersonnelAchievementsPage.jsx","SOURCE_FILE","pages","frontend/src/pages/personnel/modals/PersonnelSubmissionModal.jsx","PAGE_USAGE","PersonnelSubmissionModal","DIRECT","RUNTIME","REACT_ROUTER / COMPONENT_TREE","personnel, dean, program_coordinator, organization_moderator","NO","frontend/src/pages/personnel/PersonnelAchievementsPage.jsx:3 -> import from './modals/PersonnelSubmissionModal'","ACTIVE-DEPENDENCY","HIGH","Direct local import of PersonnelSubmissionModal.jsx"
"frontend/src/pages/personnel/PersonnelAchievementsPage.jsx","SOURCE_FILE","pages","frontend/src/pages/personnel/RichAchievementSearchBar.jsx","PAGE_USAGE","RichAchievementSearchBar","DIRECT","RUNTIME","REACT_ROUTER / COMPONENT_TREE","personnel, dean, program_coordinator, organization_moderator","NO","frontend/src/pages/personnel/PersonnelAchievementsPage.jsx:4 -> import from './RichAchievementSearchBar'","ACTIVE-DEPENDENCY","HIGH","Direct local import of RichAchievementSearchBar.jsx"
"frontend/src/pages/personnel/PersonnelAchievementsPage.jsx","SOURCE_FILE","pages","frontend/src/pages/personnel/AchievementPopoverMenu.jsx","PAGE_USAGE","AchievementPopoverMenu","DIRECT","RUNTIME","REACT_ROUTER / COMPONENT_TREE","personnel, dean, program_coordinator, organization_moderator","NO","frontend/src/pages/personnel/PersonnelAchievementsPage.jsx:5 -> import from './AchievementPopoverMenu'","ACTIVE-DEPENDENCY","HIGH","Direct local import of AchievementPopoverMenu.jsx"
"frontend/src/pages/personnel/PersonnelAchievementsPage.jsx","SOURCE_FILE","pages","frontend/src/pages/personnel/modals/AchievementPreviewModal.jsx","PAGE_USAGE","AchievementPreviewModal","DIRECT","RUNTIME","REACT_ROUTER / COMPONENT_TREE","personnel, dean, program_coordinator, organization_moderator","NO","frontend/src/pages/personnel/PersonnelAchievementsPage.jsx:6 -> import from './modals/AchievementPreviewModal'","ACTIVE-DEPENDENCY","HIGH","Direct local import of AchievementPreviewModal.jsx"
"frontend/src/pages/personnel/PersonnelAchievementsPage.jsx","SOURCE_FILE","pages","frontend/src/hooks/usePersonnelAchievements.js","HOOK_USAGE","usePersonnelAchievements","DIRECT","RUNTIME","REACT_ROUTER / COMPONENT_TREE","personnel, dean, program_coordinator, organization_moderator","YES","frontend/src/pages/personnel/PersonnelAchievementsPage.jsx:7 -> import from '../../hooks/usePersonnelAchievements'","ACTIVE-SHARED-DEPENDENCY","HIGH","Direct local import of usePersonnelAchievements.js"
"frontend/src/pages/personnel/PersonnelAchievementsPage.jsx","SOURCE_FILE","pages","frontend/src/services/authService.js","SERVICE_USAGE","{ getCurrentUser }","DIRECT","RUNTIME","REACT_ROUTER / COMPONENT_TREE","personnel, dean, program_coordinator, organization_moderator","YES","frontend/src/pages/personnel/PersonnelAchievementsPage.jsx:34 -> import from '../../services/authService'","ACTIVE-SHARED-DEPENDENCY","HIGH","Direct local import of authService.js"
"frontend/src/pages/personnel/PersonnelDashboardPage.jsx","SOURCE_FILE","pages","frontend/src/pages/student/modals/DigitalBarcodeIDCardModal.jsx","PAGE_USAGE","DigitalBarcodeIDCardModal","DIRECT","RUNTIME","REACT_ROUTER / COMPONENT_TREE","personnel, dean, program_coordinator, organization_moderator","NO","frontend/src/pages/personnel/PersonnelDashboardPage.jsx:3 -> import from '../student/modals/DigitalBarcodeIDCardModal'","ACTIVE-DEPENDENCY","HIGH","Direct local import of DigitalBarcodeIDCardModal.jsx"
"frontend/src/pages/personnel/PersonnelDashboardPage.jsx","SOURCE_FILE","pages","frontend/src/pages/personnel/modals/EditBasicInfoModal.jsx","PAGE_USAGE","EditBasicInfoModal","DIRECT","RUNTIME","REACT_ROUTER / COMPONENT_TREE","personnel, dean, program_coordinator, organization_moderator","NO","frontend/src/pages/personnel/PersonnelDashboardPage.jsx:4 -> import from './modals/EditBasicInfoModal'","ACTIVE-DEPENDENCY","HIGH","Direct local import of EditBasicInfoModal.jsx"
"frontend/src/pages/personnel/PersonnelDashboardPage.jsx","SOURCE_FILE","pages","frontend/src/pages/personnel/modals/PersonnelSubmissionModal.jsx","PAGE_USAGE","PersonnelSubmissionModal","DIRECT","RUNTIME","REACT_ROUTER / COMPONENT_TREE","personnel, dean, program_coordinator, organization_moderator","NO","frontend/src/pages/personnel/PersonnelDashboardPage.jsx:5 -> import from './modals/PersonnelSubmissionModal'","ACTIVE-DEPENDENCY","HIGH","Direct local import of PersonnelSubmissionModal.jsx"
"frontend/src/pages/personnel/PersonnelDashboardPage.jsx","SOURCE_FILE","pages","frontend/src/pages/personnel/program-coordinator/CoordinatorDashboardPage.jsx","PAGE_USAGE","CoordinatorDashboardPage","DIRECT","RUNTIME","REACT_ROUTER / COMPONENT_TREE","personnel, dean, program_coordinator, organization_moderator","NO","frontend/src/pages/personnel/PersonnelDashboardPage.jsx:6 -> import from './program-coordinator/CoordinatorDashboardPage'","ACTIVE-DEPENDENCY","HIGH","Direct local import of CoordinatorDashboardPage.jsx"
"frontend/src/pages/personnel/PersonnelDashboardPage.jsx","SOURCE_FILE","pages","frontend/src/pages/personnel/organization-moderator/OrganizationModeratorDashboardPage.jsx","PAGE_USAGE","OrganizationModeratorDashboardPage","DIRECT","RUNTIME","REACT_ROUTER / COMPONENT_TREE","personnel, dean, program_coordinator, organization_moderator","NO","frontend/src/pages/personnel/PersonnelDashboardPage.jsx:7 -> import from './organization-moderator/OrganizationModeratorDashboardPage'","ACTIVE-DEPENDENCY","HIGH","Direct local import of OrganizationModeratorDashboardPage.jsx"
"frontend/src/pages/personnel/PersonnelDashboardPage.jsx","SOURCE_FILE","pages","frontend/src/services/authService.js","SERVICE_USAGE","{ getCurrentUser }","DIRECT","RUNTIME","REACT_ROUTER / COMPONENT_TREE","personnel, dean, program_coordinator, organization_moderator","YES","frontend/src/pages/personnel/PersonnelDashboardPage.jsx:28 -> import from '../../services/authService'","ACTIVE-SHARED-DEPENDENCY","HIGH","Direct local import of authService.js"
"frontend/src/pages/personnel/PersonnelDashboardPage.jsx","SOURCE_FILE","pages","frontend/src/context/AuthContext.jsx","CONTEXT_USAGE","{ useAuth }","DIRECT","RUNTIME","REACT_ROUTER / COMPONENT_TREE","personnel, dean, program_coordinator, organization_moderator","YES","frontend/src/pages/personnel/PersonnelDashboardPage.jsx:29 -> import from '../../context/AuthContext'","ACTIVE-SHARED-DEPENDENCY","HIGH","Direct local import of AuthContext.jsx"
"frontend/src/pages/personnel/PersonnelDashboardPage.jsx","SOURCE_FILE","pages","frontend/src/hooks/usePersonnelPortfolio.js","HOOK_USAGE","{ usePersonnelPortfolio }","DIRECT","RUNTIME","REACT_ROUTER / COMPONENT_TREE","personnel, dean, program_coordinator, organization_moderator","YES","frontend/src/pages/personnel/PersonnelDashboardPage.jsx:30 -> import from '../../hooks/usePersonnelPortfolio'","ACTIVE-SHARED-DEPENDENCY","HIGH","Direct local import of usePersonnelPortfolio.js"
"frontend/src/pages/personnel/PersonnelDashboardPage.jsx","SOURCE_FILE","pages","frontend/src/controllers/PersonnelDashboardController.js","CONTROLLER_USAGE","PersonnelDashboardController","DIRECT","RUNTIME","REACT_ROUTER / COMPONENT_TREE","personnel, dean, program_coordinator, organization_moderator","YES","frontend/src/pages/personnel/PersonnelDashboardPage.jsx:31 -> import from '../../controllers/PersonnelDashboardController'","ACTIVE-SHARED-DEPENDENCY","HIGH","Direct local import of PersonnelDashboardController.js"
"frontend/src/pages/personnel/PersonnelDashboardPage.jsx","SOURCE_FILE","pages","frontend/src/utils/personnelPlacement.js","UTILITY_USAGE","{ formatPersonnelPlacement }","DIRECT","RUNTIME","REACT_ROUTER / COMPONENT_TREE","personnel, dean, program_coordinator, organization_moderator","YES","frontend/src/pages/personnel/PersonnelDashboardPage.jsx:32 -> import from '../../utils/personnelPlacement'","ACTIVE-SHARED-DEPENDENCY","HIGH","Direct local import of personnelPlacement.js"
"frontend/src/pages/personnel/PersonnelPortfolioBookletModal.jsx","SOURCE_FILE","pages","frontend/src/hooks/useTheme.js","HOOK_USAGE","useTheme","DIRECT","RUNTIME","REACT_ROUTER / COMPONENT_TREE","personnel, dean, program_coordinator, organization_moderator","YES","frontend/src/pages/personnel/PersonnelPortfolioBookletModal.jsx:2 -> import from '../../hooks/useTheme'","ACTIVE-SHARED-DEPENDENCY","HIGH","Direct local import of useTheme.js"
"frontend/src/pages/personnel/PersonnelPortfolioBookletModal.jsx","SOURCE_FILE","pages","frontend/src/utils/personnelPlacement.js","UTILITY_USAGE","{ formatPersonnelPlacement }","DIRECT","RUNTIME","REACT_ROUTER / COMPONENT_TREE","personnel, dean, program_coordinator, organization_moderator","YES","frontend/src/pages/personnel/PersonnelPortfolioBookletModal.jsx:3 -> import from '../../utils/personnelPlacement'","ACTIVE-SHARED-DEPENDENCY","HIGH","Direct local import of personnelPlacement.js"
"frontend/src/pages/personnel/PersonnelPortfolioEditPage.jsx","SOURCE_FILE","pages","frontend/src/utils/personnelPlacement.js","UTILITY_USAGE","{ formatPersonnelPlacement }","DIRECT","RUNTIME","REACT_ROUTER / COMPONENT_TREE","personnel, dean, program_coordinator, organization_moderator","YES","frontend/src/pages/personnel/PersonnelPortfolioEditPage.jsx:2 -> import from '../../utils/personnelPlacement'","ACTIVE-SHARED-DEPENDENCY","HIGH","Direct local import of personnelPlacement.js"
"frontend/src/pages/personnel/PersonnelPortfolioEditPage.jsx","SOURCE_FILE","pages","frontend/src/pages/personnel/modals/EditBasicInfoModal.jsx","PAGE_USAGE","EditBasicInfoModal","DIRECT","RUNTIME","REACT_ROUTER / COMPONENT_TREE","personnel, dean, program_coordinator, organization_moderator","NO","frontend/src/pages/personnel/PersonnelPortfolioEditPage.jsx:4 -> import from './modals/EditBasicInfoModal'","ACTIVE-DEPENDENCY","HIGH","Direct local import of EditBasicInfoModal.jsx"
"frontend/src/pages/personnel/PersonnelPortfolioEditPage.jsx","SOURCE_FILE","pages","frontend/src/models/RankingCriteriaModel.js","MODEL_USAGE","RankingCriteriaModel","DIRECT","RUNTIME","REACT_ROUTER / COMPONENT_TREE","personnel, dean, program_coordinator, organization_moderator","YES","frontend/src/pages/personnel/PersonnelPortfolioEditPage.jsx:5 -> import from '../../models/RankingCriteriaModel.js'","ACTIVE-SHARED-DEPENDENCY","HIGH","Direct local import of RankingCriteriaModel.js"
"frontend/src/pages/personnel/PersonnelPortfolioEditPage.jsx","SOURCE_FILE","pages","frontend/src/controllers/SecurityController.js","CONTROLLER_USAGE","SecurityController","DIRECT","RUNTIME","REACT_ROUTER / COMPONENT_TREE","personnel, dean, program_coordinator, organization_moderator","YES","frontend/src/pages/personnel/PersonnelPortfolioEditPage.jsx:6 -> import from '../../controllers/SecurityController.js'","ACTIVE-SHARED-DEPENDENCY","HIGH","Direct local import of SecurityController.js"
"frontend/src/pages/personnel/PersonnelPortfolioEditPage.jsx","SOURCE_FILE","pages","frontend/src/controllers/OcrScanController.js","CONTROLLER_USAGE","OcrScanController","DIRECT","RUNTIME","REACT_ROUTER / COMPONENT_TREE","personnel, dean, program_coordinator, organization_moderator","YES","frontend/src/pages/personnel/PersonnelPortfolioEditPage.jsx:7 -> import from '../../controllers/OcrScanController.js'","ACTIVE-SHARED-DEPENDENCY","HIGH","Direct local import of OcrScanController.js"
"frontend/src/pages/personnel/PersonnelPortfolioEditPage.jsx","SOURCE_FILE","pages","frontend/src/hooks/usePersonnelPortfolio.js","HOOK_USAGE","{ usePersonnelPortfolio }","DIRECT","RUNTIME","REACT_ROUTER / COMPONENT_TREE","personnel, dean, program_coordinator, organization_moderator","YES","frontend/src/pages/personnel/PersonnelPortfolioEditPage.jsx:8 -> import from '../../hooks/usePersonnelPortfolio'","ACTIVE-SHARED-DEPENDENCY","HIGH","Direct local import of usePersonnelPortfolio.js"
"frontend/src/pages/personnel/PersonnelPortfolioEditPage.jsx","SOURCE_FILE","pages","frontend/src/services/authService.js","SERVICE_USAGE","{ getCurrentUser }","DIRECT","RUNTIME","REACT_ROUTER / COMPONENT_TREE","personnel, dean, program_coordinator, organization_moderator","YES","frontend/src/pages/personnel/PersonnelPortfolioEditPage.jsx:9 -> import from '../../services/authService'","ACTIVE-SHARED-DEPENDENCY","HIGH","Direct local import of authService.js"
"frontend/src/pages/personnel/PersonnelPortfolioEditPage.jsx","SOURCE_FILE","pages","frontend/src/context/AuthContext.jsx","CONTEXT_USAGE","{ useAuth }","DIRECT","RUNTIME","REACT_ROUTER / COMPONENT_TREE","personnel, dean, program_coordinator, organization_moderator","YES","frontend/src/pages/personnel/PersonnelPortfolioEditPage.jsx:10 -> import from '../../context/AuthContext'","ACTIVE-SHARED-DEPENDENCY","HIGH","Direct local import of AuthContext.jsx"
"frontend/src/pages/personnel/PersonnelPortfolioForm.jsx","SOURCE_FILE","pages","frontend/src/pages/personnel/PortfolioSummaryCard.jsx","PAGE_USAGE","PortfolioSummaryCard","DIRECT","RUNTIME","REACT_ROUTER / COMPONENT_TREE","personnel, dean, program_coordinator, organization_moderator","NO","frontend/src/pages/personnel/PersonnelPortfolioForm.jsx:3 -> import from './PortfolioSummaryCard'","ACTIVE-DEPENDENCY","HIGH","Direct local import of PortfolioSummaryCard.jsx"
"frontend/src/pages/personnel/PersonnelPortfolioForm.jsx","SOURCE_FILE","pages","frontend/src/pages/personnel/PersonnelPortfolioBookletModal.jsx","PAGE_USAGE","PersonnelPortfolioBookletModal","DIRECT","RUNTIME","REACT_ROUTER / COMPONENT_TREE","personnel, dean, program_coordinator, organization_moderator","NO","frontend/src/pages/personnel/PersonnelPortfolioForm.jsx:4 -> import from './PersonnelPortfolioBookletModal'","ACTIVE-DEPENDENCY","HIGH","Direct local import of PersonnelPortfolioBookletModal.jsx"
"frontend/src/pages/personnel/PersonnelPortfolioForm.jsx","SOURCE_FILE","pages","frontend/src/models/RankingCriteriaModel.js","MODEL_USAGE","RankingCriteriaModel","DIRECT","RUNTIME","REACT_ROUTER / COMPONENT_TREE","personnel, dean, program_coordinator, organization_moderator","YES","frontend/src/pages/personnel/PersonnelPortfolioForm.jsx:5 -> import from '../../models/RankingCriteriaModel.js'","ACTIVE-SHARED-DEPENDENCY","HIGH","Direct local import of RankingCriteriaModel.js"
"frontend/src/pages/personnel/PersonnelPortfolioPage.jsx","SOURCE_FILE","pages","frontend/src/pages/student/modals/ExportPortfolioPreviewModal.jsx","PAGE_USAGE","ExportPortfolioPreviewModal","DIRECT","RUNTIME","REACT_ROUTER / COMPONENT_TREE","personnel, dean, program_coordinator, organization_moderator","NO","frontend/src/pages/personnel/PersonnelPortfolioPage.jsx:3 -> import from '../student/modals/ExportPortfolioPreviewModal'","ACTIVE-DEPENDENCY","HIGH","Direct local import of ExportPortfolioPreviewModal.jsx"
"frontend/src/pages/personnel/PersonnelPortfolioPage.jsx","SOURCE_FILE","pages","frontend/src/pages/personnel/modals/EditBasicInfoModal.jsx","PAGE_USAGE","EditBasicInfoModal","DIRECT","RUNTIME","REACT_ROUTER / COMPONENT_TREE","personnel, dean, program_coordinator, organization_moderator","NO","frontend/src/pages/personnel/PersonnelPortfolioPage.jsx:4 -> import from './modals/EditBasicInfoModal'","ACTIVE-DEPENDENCY","HIGH","Direct local import of EditBasicInfoModal.jsx"
"frontend/src/pages/personnel/PersonnelPortfolioPage.jsx","SOURCE_FILE","pages","frontend/src/pages/personnel/PersonnelPortfolioBookletModal.jsx","PAGE_USAGE","PersonnelPortfolioBookletModal","DIRECT","RUNTIME","REACT_ROUTER / COMPONENT_TREE","personnel, dean, program_coordinator, organization_moderator","NO","frontend/src/pages/personnel/PersonnelPortfolioPage.jsx:5 -> import from './PersonnelPortfolioBookletModal'","ACTIVE-DEPENDENCY","HIGH","Direct local import of PersonnelPortfolioBookletModal.jsx"
"frontend/src/pages/personnel/PersonnelPortfolioPage.jsx","SOURCE_FILE","pages","frontend/src/services/authService.js","SERVICE_USAGE","{ getCurrentUser }","DIRECT","RUNTIME","REACT_ROUTER / COMPONENT_TREE","personnel, dean, program_coordinator, organization_moderator","YES","frontend/src/pages/personnel/PersonnelPortfolioPage.jsx:35 -> import from '../../services/authService'","ACTIVE-SHARED-DEPENDENCY","HIGH","Direct local import of authService.js"
"frontend/src/pages/personnel/PersonnelPortfolioPage.jsx","SOURCE_FILE","pages","frontend/src/hooks/usePersonnelPortfolio.js","HOOK_USAGE","{ usePersonnelPortfolio }","DIRECT","RUNTIME","REACT_ROUTER / COMPONENT_TREE","personnel, dean, program_coordinator, organization_moderator","YES","frontend/src/pages/personnel/PersonnelPortfolioPage.jsx:36 -> import from '../../hooks/usePersonnelPortfolio'","ACTIVE-SHARED-DEPENDENCY","HIGH","Direct local import of usePersonnelPortfolio.js"
"frontend/src/pages/personnel/PersonnelPortfolioPage.jsx","SOURCE_FILE","pages","frontend/src/utils/personnelPlacement.js","UTILITY_USAGE","{ formatPersonnelPlacement }","DIRECT","RUNTIME","REACT_ROUTER / COMPONENT_TREE","personnel, dean, program_coordinator, organization_moderator","YES","frontend/src/pages/personnel/PersonnelPortfolioPage.jsx:37 -> import from '../../utils/personnelPlacement'","ACTIVE-SHARED-DEPENDENCY","HIGH","Direct local import of personnelPlacement.js"
"frontend/src/pages/personnel/PortfolioSummaryCard.jsx","SOURCE_FILE","pages","frontend/src/utils/personnelPlacement.js","UTILITY_USAGE","{ formatPersonnelPlacement }","DIRECT","RUNTIME","REACT_ROUTER / COMPONENT_TREE","personnel, dean, program_coordinator, organization_moderator","YES","frontend/src/pages/personnel/PortfolioSummaryCard.jsx:2 -> import from '../../utils/personnelPlacement'","ACTIVE-SHARED-DEPENDENCY","HIGH","Direct local import of personnelPlacement.js"
"frontend/src/pages/personnel/program-coordinator/CoordinatorDashboardPage.jsx","SOURCE_FILE","pages","frontend/src/hooks/useVerification.js","HOOK_USAGE","{ useVerification }","DIRECT","RUNTIME","REACT_ROUTER / COMPONENT_TREE","personnel, dean, program_coordinator, organization_moderator","YES","frontend/src/pages/personnel/program-coordinator/CoordinatorDashboardPage.jsx:4 -> import from '../../../hooks/useVerification'","ACTIVE-SHARED-DEPENDENCY","HIGH","Direct local import of useVerification.js"
"frontend/src/pages/personnel/program-coordinator/CoordinatorDashboardPage.jsx","SOURCE_FILE","pages","frontend/src/hooks/useStudentRoster.js","HOOK_USAGE","{ useStudentRoster }","DIRECT","RUNTIME","REACT_ROUTER / COMPONENT_TREE","personnel, dean, program_coordinator, organization_moderator","YES","frontend/src/pages/personnel/program-coordinator/CoordinatorDashboardPage.jsx:5 -> import from '../../../hooks/useStudentRoster'","ACTIVE-SHARED-DEPENDENCY","HIGH","Direct local import of useStudentRoster.js"
"frontend/src/pages/personnel/program-coordinator/CoordinatorDashboardPage.jsx","SOURCE_FILE","pages","frontend/src/pages/personnel/program-coordinator/CoordinatorMetricsSidebar.jsx","PAGE_USAGE","CoordinatorMetricsSidebar","DIRECT","RUNTIME","REACT_ROUTER / COMPONENT_TREE","personnel, dean, program_coordinator, organization_moderator","NO","frontend/src/pages/personnel/program-coordinator/CoordinatorDashboardPage.jsx:6 -> import from './CoordinatorMetricsSidebar'","ACTIVE-DEPENDENCY","HIGH","Direct local import of CoordinatorMetricsSidebar.jsx"
"frontend/src/pages/personnel/program-coordinator/CoordinatorDashboardPage.jsx","SOURCE_FILE","pages","frontend/src/utils/verificationMetrics.js","UTILITY_USAGE","{ calculateAverageReviewTime }","DIRECT","RUNTIME","REACT_ROUTER / COMPONENT_TREE","personnel, dean, program_coordinator, organization_moderator","YES","frontend/src/pages/personnel/program-coordinator/CoordinatorDashboardPage.jsx:7 -> import from '../../../utils/verificationMetrics'","ACTIVE-SHARED-DEPENDENCY","HIGH","Direct local import of verificationMetrics.js"
"frontend/src/pages/student/modals/ExportPortfolioPreviewModal.jsx","SOURCE_FILE","pages","frontend/src/services/portfolioPdfGenerator.js","SERVICE_USAGE","{ generatePortfolioPdf }","DIRECT","RUNTIME","REACT_ROUTER / COMPONENT_TREE","student","YES","frontend/src/pages/student/modals/ExportPortfolioPreviewModal.jsx:21 -> import from '../../../services/portfolioPdfGenerator'","ACTIVE-SHARED-DEPENDENCY","HIGH","Direct local import of portfolioPdfGenerator.js"
"frontend/src/pages/student/StudentAchievementPopoverMenu.jsx","SOURCE_FILE","pages","frontend/src/components/ui/dropdown-menu.jsx","COMPONENT_USAGE","{ DropdownMenuContent, DropdownMenuItem, DropdownMenuLabel, DropdownMenuSeparator }","DIRECT","RUNTIME","REACT_ROUTER / COMPONENT_TREE","student","YES","frontend/src/pages/student/StudentAchievementPopoverMenu.jsx:14 -> import from '../../components/ui/dropdown-menu'","ACTIVE-SHARED-DEPENDENCY","HIGH","Direct local import of dropdown-menu.jsx"
"frontend/src/pages/student/StudentAchievementPopoverMenu.jsx","SOURCE_FILE","pages","frontend/src/components/ui/badge.jsx","COMPONENT_USAGE","{ Badge }","DIRECT","RUNTIME","REACT_ROUTER / COMPONENT_TREE","student","YES","frontend/src/pages/student/StudentAchievementPopoverMenu.jsx:15 -> import from '../../components/ui/badge'","ACTIVE-SHARED-DEPENDENCY","HIGH","Direct local import of badge.jsx"
"frontend/src/pages/student/StudentAchievementsPage.jsx","SOURCE_FILE","pages","frontend/src/pages/student/modals/AchievementSubmissionModal.jsx","PAGE_USAGE","AchievementSubmissionModal","DIRECT","RUNTIME","REACT_ROUTER / COMPONENT_TREE","student","NO","frontend/src/pages/student/StudentAchievementsPage.jsx:3 -> import from './modals/AchievementSubmissionModal'","ACTIVE-DEPENDENCY","HIGH","Direct local import of AchievementSubmissionModal.jsx"
"frontend/src/pages/student/StudentAchievementsPage.jsx","SOURCE_FILE","pages","frontend/src/pages/student/StudentAchievementPopoverMenu.jsx","PAGE_USAGE","StudentAchievementPopoverMenu","DIRECT","RUNTIME","REACT_ROUTER / COMPONENT_TREE","student","NO","frontend/src/pages/student/StudentAchievementsPage.jsx:4 -> import from './StudentAchievementPopoverMenu'","ACTIVE-DEPENDENCY","HIGH","Direct local import of StudentAchievementPopoverMenu.jsx"
"frontend/src/pages/student/StudentAchievementsPage.jsx","SOURCE_FILE","pages","frontend/src/pages/student/modals/StudentAchievementPreviewModal.jsx","PAGE_USAGE","StudentAchievementPreviewModal","DIRECT","RUNTIME","REACT_ROUTER / COMPONENT_TREE","student","NO","frontend/src/pages/student/StudentAchievementsPage.jsx:5 -> import from './modals/StudentAchievementPreviewModal'","ACTIVE-DEPENDENCY","HIGH","Direct local import of StudentAchievementPreviewModal.jsx"
"frontend/src/pages/student/StudentAchievementsPage.jsx","SOURCE_FILE","pages","frontend/src/hooks/useStudentAchievements.js","HOOK_USAGE","useStudentAchievements","DIRECT","RUNTIME","REACT_ROUTER / COMPONENT_TREE","student","YES","frontend/src/pages/student/StudentAchievementsPage.jsx:6 -> import from '../../hooks/useStudentAchievements'","ACTIVE-SHARED-DEPENDENCY","HIGH","Direct local import of useStudentAchievements.js"
"frontend/src/pages/student/StudentAchievementsPage.jsx","SOURCE_FILE","pages","frontend/src/components/ui/card.jsx","COMPONENT_USAGE","{ Card, CardHeader, CardTitle, CardContent }","DIRECT","RUNTIME","REACT_ROUTER / COMPONENT_TREE","student","YES","frontend/src/pages/student/StudentAchievementsPage.jsx:7 -> import from '../../components/ui/card'","ACTIVE-SHARED-DEPENDENCY","HIGH","Direct local import of card.jsx"
"frontend/src/pages/student/StudentAchievementsPage.jsx","SOURCE_FILE","pages","frontend/src/components/ui/badge.jsx","COMPONENT_USAGE","{ Badge }","DIRECT","RUNTIME","REACT_ROUTER / COMPONENT_TREE","student","YES","frontend/src/pages/student/StudentAchievementsPage.jsx:8 -> import from '../../components/ui/badge'","ACTIVE-SHARED-DEPENDENCY","HIGH","Direct local import of badge.jsx"
"frontend/src/pages/student/StudentAchievementsPage.jsx","SOURCE_FILE","pages","frontend/src/components/ui/button.jsx","COMPONENT_USAGE","{ Button }","DIRECT","RUNTIME","REACT_ROUTER / COMPONENT_TREE","student","YES","frontend/src/pages/student/StudentAchievementsPage.jsx:9 -> import from '../../components/ui/button'","ACTIVE-SHARED-DEPENDENCY","HIGH","Direct local import of button.jsx"
"frontend/src/pages/student/StudentAchievementsPage.jsx","SOURCE_FILE","pages","frontend/src/components/ui/input.jsx","COMPONENT_USAGE","{ Input }","DIRECT","RUNTIME","REACT_ROUTER / COMPONENT_TREE","student","YES","frontend/src/pages/student/StudentAchievementsPage.jsx:10 -> import from '../../components/ui/input'","ACTIVE-SHARED-DEPENDENCY","HIGH","Direct local import of input.jsx"
"frontend/src/pages/student/StudentAchievementsPage.jsx","SOURCE_FILE","pages","frontend/src/components/ui/select.jsx","COMPONENT_USAGE","{ Select, SelectItem }","DIRECT","RUNTIME","REACT_ROUTER / COMPONENT_TREE","student","YES","frontend/src/pages/student/StudentAchievementsPage.jsx:11 -> import from '../../components/ui/select'","ACTIVE-SHARED-DEPENDENCY","HIGH","Direct local import of select.jsx"
"frontend/src/pages/student/StudentDashboardPage.jsx","SOURCE_FILE","pages","frontend/src/pages/student/modals/DigitalBarcodeIDCardModal.jsx","PAGE_USAGE","DigitalBarcodeIDCardModal","DIRECT","RUNTIME","REACT_ROUTER / COMPONENT_TREE","student","NO","frontend/src/pages/student/StudentDashboardPage.jsx:3 -> import from './modals/DigitalBarcodeIDCardModal'","ACTIVE-DEPENDENCY","HIGH","Direct local import of DigitalBarcodeIDCardModal.jsx"
"frontend/src/pages/student/StudentDashboardPage.jsx","SOURCE_FILE","pages","frontend/src/components/ui/avatar.jsx","COMPONENT_USAGE","{ Avatar, AvatarImage, AvatarFallback, AvatarBadge }","DIRECT","RUNTIME","REACT_ROUTER / COMPONENT_TREE","student","YES","frontend/src/pages/student/StudentDashboardPage.jsx:4 -> import from '../../components/ui/avatar'","ACTIVE-SHARED-DEPENDENCY","HIGH","Direct local import of avatar.jsx"
"frontend/src/pages/student/StudentDashboardPage.jsx","SOURCE_FILE","pages","frontend/src/components/ui/card.jsx","COMPONENT_USAGE","{ Card, CardHeader, CardTitle, CardDescription, CardContent }","DIRECT","RUNTIME","REACT_ROUTER / COMPONENT_TREE","student","YES","frontend/src/pages/student/StudentDashboardPage.jsx:5 -> import from '../../components/ui/card'","ACTIVE-SHARED-DEPENDENCY","HIGH","Direct local import of card.jsx"
"frontend/src/pages/student/StudentDashboardPage.jsx","SOURCE_FILE","pages","frontend/src/components/ui/badge.jsx","COMPONENT_USAGE","{ Badge }","DIRECT","RUNTIME","REACT_ROUTER / COMPONENT_TREE","student","YES","frontend/src/pages/student/StudentDashboardPage.jsx:6 -> import from '../../components/ui/badge'","ACTIVE-SHARED-DEPENDENCY","HIGH","Direct local import of badge.jsx"
"frontend/src/pages/student/StudentDashboardPage.jsx","SOURCE_FILE","pages","frontend/src/components/ui/button.jsx","COMPONENT_USAGE","{ Button }","DIRECT","RUNTIME","REACT_ROUTER / COMPONENT_TREE","student","YES","frontend/src/pages/student/StudentDashboardPage.jsx:7 -> import from '../../components/ui/button'","ACTIVE-SHARED-DEPENDENCY","HIGH","Direct local import of button.jsx"
"frontend/src/pages/student/StudentPortfolioPage.jsx","SOURCE_FILE","pages","frontend/src/pages/student/modals/ExportPortfolioPreviewModal.jsx","PAGE_USAGE","ExportPortfolioPreviewModal","DIRECT","RUNTIME","REACT_ROUTER / COMPONENT_TREE","student","NO","frontend/src/pages/student/StudentPortfolioPage.jsx:3 -> import from './modals/ExportPortfolioPreviewModal'","ACTIVE-DEPENDENCY","HIGH","Direct local import of ExportPortfolioPreviewModal.jsx"
"frontend/src/pages/student/StudentPortfolioPage.jsx","SOURCE_FILE","pages","frontend/src/pages/student/modals/EditStudentInfoModal.jsx","PAGE_USAGE","EditStudentInfoModal","DIRECT","RUNTIME","REACT_ROUTER / COMPONENT_TREE","student","NO","frontend/src/pages/student/StudentPortfolioPage.jsx:4 -> import from './modals/EditStudentInfoModal'","ACTIVE-DEPENDENCY","HIGH","Direct local import of EditStudentInfoModal.jsx"
"frontend/src/pages/student/StudentPortfolioPage.jsx","SOURCE_FILE","pages","frontend/src/components/ui/avatar.jsx","COMPONENT_USAGE","{ Avatar, AvatarImage, AvatarFallback, AvatarBadge }","DIRECT","RUNTIME","REACT_ROUTER / COMPONENT_TREE","student","YES","frontend/src/pages/student/StudentPortfolioPage.jsx:6 -> import from '../../components/ui/avatar'","ACTIVE-SHARED-DEPENDENCY","HIGH","Direct local import of avatar.jsx"
"frontend/src/pages/student/StudentPortfolioPage.jsx","SOURCE_FILE","pages","frontend/src/components/ui/card.jsx","COMPONENT_USAGE","{ Card, CardHeader, CardTitle, CardDescription, CardContent }","DIRECT","RUNTIME","REACT_ROUTER / COMPONENT_TREE","student","YES","frontend/src/pages/student/StudentPortfolioPage.jsx:7 -> import from '../../components/ui/card'","ACTIVE-SHARED-DEPENDENCY","HIGH","Direct local import of card.jsx"
"frontend/src/pages/student/StudentPortfolioPage.jsx","SOURCE_FILE","pages","frontend/src/components/ui/badge.jsx","COMPONENT_USAGE","{ Badge }","DIRECT","RUNTIME","REACT_ROUTER / COMPONENT_TREE","student","YES","frontend/src/pages/student/StudentPortfolioPage.jsx:8 -> import from '../../components/ui/badge'","ACTIVE-SHARED-DEPENDENCY","HIGH","Direct local import of badge.jsx"
"frontend/src/pages/student/StudentPortfolioPage.jsx","SOURCE_FILE","pages","frontend/src/components/ui/button.jsx","COMPONENT_USAGE","{ Button }","DIRECT","RUNTIME","REACT_ROUTER / COMPONENT_TREE","student","YES","frontend/src/pages/student/StudentPortfolioPage.jsx:9 -> import from '../../components/ui/button'","ACTIVE-SHARED-DEPENDENCY","HIGH","Direct local import of button.jsx"
"frontend/src/pages/student/StudentPortfolioPage.jsx","SOURCE_FILE","pages","frontend/src/components/ui/separator.jsx","COMPONENT_USAGE","{ Separator }","DIRECT","RUNTIME","REACT_ROUTER / COMPONENT_TREE","student","YES","frontend/src/pages/student/StudentPortfolioPage.jsx:10 -> import from '../../components/ui/separator'","ACTIVE-SHARED-DEPENDENCY","HIGH","Direct local import of separator.jsx"
"frontend/src/security/permissionResolver.js","SOURCE_FILE","security","frontend/src/utils/roleContext.js","UTILITY_USAGE","{ normalizeAccountType, normalizeRoleContext, normalizeAssignedRoles, isRoleAssigned, isValidAccountRoleCombination }","DIRECT","RUNTIME","REACT_ROUTER / COMPONENT_TREE","ALL_ROLES","YES","frontend/src/security/permissionResolver.js:15 -> import from '../utils/roleContext'","ACTIVE-SHARED-DEPENDENCY","HIGH","Direct local import of roleContext.js"
"frontend/src/security/__tests__/governanceOwnership.test.js","TEST_FILE","security","frontend/src/security/governanceOwnership.js","TEST_USAGE","{ canManageGovernanceAction, GOVERNANCE_ACTIONS }","DIRECT","TEST","TEST_HARNESS","ALL_ROLES","NO","frontend/src/security/__tests__/governanceOwnership.test.js:2 -> import from '../governanceOwnership'","TEST-ONLY-DEPENDENCY","HIGH","Direct local import of governanceOwnership.js"
"frontend/src/security/__tests__/permissionResolver.test.js","TEST_FILE","security","frontend/src/security/permissionResolver.js","TEST_USAGE","{ can, canAccessNavigationItem, getAuthorizedNavigation }","DIRECT","TEST","TEST_HARNESS","ALL_ROLES","NO","frontend/src/security/__tests__/permissionResolver.test.js:7 -> import from '../permissionResolver'","TEST-ONLY-DEPENDENCY","HIGH","Direct local import of permissionResolver.js"
"frontend/src/security/__tests__/permissionResolver.test.js","TEST_FILE","security","frontend/src/config/navigationCatalog.js","TEST_USAGE","{ NAVIGATION_CATALOG }","DIRECT","TEST","TEST_HARNESS","ALL_ROLES","YES","frontend/src/security/__tests__/permissionResolver.test.js:8 -> import from '../../config/navigationCatalog'","TEST-ONLY-DEPENDENCY","HIGH","Direct local import of navigationCatalog.js"
"frontend/src/security/__tests__/permissionResolver.test.js","TEST_FILE","security","frontend/src/utils/roleContext.js","TEST_USAGE","{ CANONICAL_ROLES, CANONICAL_ACCOUNT_TYPES }","DIRECT","TEST","TEST_HARNESS","ALL_ROLES","YES","frontend/src/security/__tests__/permissionResolver.test.js:9 -> import from '../../utils/roleContext'","TEST-ONLY-DEPENDENCY","HIGH","Direct local import of roleContext.js"
"frontend/src/services/achievementService.js","SOURCE_FILE","services","frontend/src/services/apiClient.js","SERVICE_USAGE","apiClient","DIRECT","RUNTIME","REACT_ROUTER / COMPONENT_TREE","ALL_ROLES","NO","frontend/src/services/achievementService.js:1 -> import from './apiClient'","ACTIVE-DEPENDENCY","HIGH","Direct local import of apiClient.js"
"frontend/src/services/apiClient.js","SOURCE_FILE","services","frontend/src/config/supabase.js","DYNAMIC_IMPORT","*","DIRECT","RUNTIME","REACT_ROUTER / COMPONENT_TREE","ALL_ROLES","YES","frontend/src/services/apiClient.js:39 -> import from '../config/supabase'","ACTIVE-SHARED-DEPENDENCY","HIGH","Direct local import of supabase.js"
"frontend/src/services/authService.js","SOURCE_FILE","services","frontend/src/config/supabase.js","CONFIG_USAGE","{ supabase }","DIRECT","RUNTIME","REACT_ROUTER / COMPONENT_TREE","ALL_ROLES","YES","frontend/src/services/authService.js:6 -> import from '../config/supabase'","ACTIVE-SHARED-DEPENDENCY","HIGH","Direct local import of supabase.js"
"frontend/src/services/authService.js","SOURCE_FILE","services","frontend/src/services/apiClient.js","SERVICE_USAGE","apiClient","DIRECT","RUNTIME","REACT_ROUTER / COMPONENT_TREE","ALL_ROLES","NO","frontend/src/services/authService.js:7 -> import from './apiClient'","ACTIVE-DEPENDENCY","HIGH","Direct local import of apiClient.js"
"frontend/src/services/authService.js","SOURCE_FILE","services","frontend/src/controllers/AuthController.js","CONTROLLER_USAGE","AuthController","DIRECT","RUNTIME","REACT_ROUTER / COMPONENT_TREE","ALL_ROLES","YES","frontend/src/services/authService.js:8 -> import from '../controllers/AuthController'","ACTIVE-SHARED-DEPENDENCY","HIGH","Direct local import of AuthController.js"
"frontend/src/services/authService.js","SOURCE_FILE","services","frontend/src/utils/roleContext.js","UTILITY_USAGE","{ normalizeAccountType, normalizeRoleContext, normalizeAssignedRoles, resolveDefaultActiveRole, isValidAccountRoleCombination }","DIRECT","RUNTIME","REACT_ROUTER / COMPONENT_TREE","ALL_ROLES","YES","frontend/src/services/authService.js:15 -> import from '../utils/roleContext'","ACTIVE-SHARED-DEPENDENCY","HIGH","Direct local import of roleContext.js"
"frontend/src/services/AwardPortfolioReviewService.js","SOURCE_FILE","services","frontend/src/models/AwardCandidacyModel.js","MODEL_USAGE","{ AwardCandidacyModel, CANDIDACY_STATUS, OSAD_DECISION, REVIEW_STATUS }","DIRECT","RUNTIME","REACT_ROUTER / COMPONENT_TREE","ALL_ROLES","YES","frontend/src/services/AwardPortfolioReviewService.js:14 -> import from '../models/AwardCandidacyModel'","ACTIVE-SHARED-DEPENDENCY","HIGH","Direct local import of AwardCandidacyModel.js"
"frontend/src/services/hrAdminService.js","SOURCE_FILE","services","frontend/src/services/apiClient.js","SERVICE_USAGE","apiClient","DIRECT","RUNTIME","REACT_ROUTER / COMPONENT_TREE","ALL_ROLES","NO","frontend/src/services/hrAdminService.js:1 -> import from './apiClient'","ACTIVE-DEPENDENCY","HIGH","Direct local import of apiClient.js"
"frontend/src/services/lifecycleService.js","SOURCE_FILE","services","frontend/src/services/apiClient.js","SERVICE_USAGE","apiClient","DIRECT","RUNTIME","REACT_ROUTER / COMPONENT_TREE","ALL_ROLES","NO","frontend/src/services/lifecycleService.js:1 -> import from './apiClient'","ACTIVE-DEPENDENCY","HIGH","Direct local import of apiClient.js"
"frontend/src/services/passwordResetAdminService.js","SOURCE_FILE","services","frontend/src/services/apiClient.js","SERVICE_USAGE","apiClient","DIRECT","RUNTIME","REACT_ROUTER / COMPONENT_TREE","ALL_ROLES","NO","frontend/src/services/passwordResetAdminService.js:6 -> import from './apiClient'","ACTIVE-DEPENDENCY","HIGH","Direct local import of apiClient.js"
"frontend/src/services/passwordResetAdminService.js","SOURCE_FILE","services","frontend/src/services/authService.js","SERVICE_USAGE","{ getCurrentUser }","DIRECT","RUNTIME","REACT_ROUTER / COMPONENT_TREE","ALL_ROLES","NO","frontend/src/services/passwordResetAdminService.js:7 -> import from './authService'","ACTIVE-DEPENDENCY","HIGH","Direct local import of authService.js"
"frontend/src/services/portfolioService.js","SOURCE_FILE","services","frontend/src/services/apiClient.js","SERVICE_USAGE","apiClient","DIRECT","RUNTIME","REACT_ROUTER / COMPONENT_TREE","ALL_ROLES","NO","frontend/src/services/portfolioService.js:1 -> import from './apiClient'","ACTIVE-DEPENDENCY","HIGH","Direct local import of apiClient.js"
"frontend/src/services/provisioningService.js","SOURCE_FILE","services","frontend/src/services/apiClient.js","SERVICE_USAGE","apiClient","DIRECT","RUNTIME","REACT_ROUTER / COMPONENT_TREE","ALL_ROLES","NO","frontend/src/services/provisioningService.js:1 -> import from './apiClient'","ACTIVE-DEPENDENCY","HIGH","Direct local import of apiClient.js"
"frontend/src/services/roleService.js","SOURCE_FILE","services","frontend/src/services/apiClient.js","SERVICE_USAGE","apiClient","DIRECT","RUNTIME","REACT_ROUTER / COMPONENT_TREE","ALL_ROLES","NO","frontend/src/services/roleService.js:1 -> import from './apiClient'","ACTIVE-DEPENDENCY","HIGH","Direct local import of apiClient.js"
"frontend/src/services/__tests__/apiClientLocalDefense.test.js","TEST_FILE","services","frontend/src/services/apiClient.js","TEST_USAGE","apiClient","DIRECT","TEST","TEST_HARNESS","ALL_ROLES","NO","frontend/src/services/__tests__/apiClientLocalDefense.test.js:2 -> import from '../apiClient'","TEST-ONLY-DEPENDENCY","HIGH","Direct local import of apiClient.js"
"frontend/src/services/__tests__/authServiceLocalDefense.test.js","TEST_FILE","services","frontend/src/services/authService.js","TEST_USAGE","{ authenticateUser, fetchProfileAndCreateSession, getCurrentUser, updateUserRoleContext, logoutUser, requestPasswordReset, submitPasswordChange }","DIRECT","TEST","TEST_HARNESS","ALL_ROLES","NO","frontend/src/services/__tests__/authServiceLocalDefense.test.js:10 -> import from '../authService'","TEST-ONLY-DEPENDENCY","HIGH","Direct local import of authService.js"
"frontend/src/services/__tests__/authServiceLocalDefense.test.js","TEST_FILE","services","frontend/src/services/apiClient.js","TEST_USAGE","apiClient","DIRECT","TEST","TEST_HARNESS","ALL_ROLES","NO","frontend/src/services/__tests__/authServiceLocalDefense.test.js:11 -> import from '../apiClient'","TEST-ONLY-DEPENDENCY","HIGH","Direct local import of apiClient.js"
"frontend/src/services/__tests__/authServiceLocalDefense.test.js","TEST_FILE","services","frontend/src/config/supabase.js","TEST_USAGE","{ supabase }","DIRECT","TEST","TEST_HARNESS","ALL_ROLES","YES","frontend/src/services/__tests__/authServiceLocalDefense.test.js:12 -> import from '../../config/supabase'","TEST-ONLY-DEPENDENCY","HIGH","Direct local import of supabase.js"
"frontend/src/services/__tests__/authServicePasswordReset.test.js","TEST_FILE","services","frontend/src/services/apiClient.js","TEST_USAGE","apiClient","DIRECT","TEST","TEST_HARNESS","ALL_ROLES","NO","frontend/src/services/__tests__/authServicePasswordReset.test.js:2 -> import from '../apiClient'","TEST-ONLY-DEPENDENCY","HIGH","Direct local import of apiClient.js"
"frontend/src/services/__tests__/authServicePasswordReset.test.js","TEST_FILE","services","frontend/src/services/authService.js","TEST_USAGE","{ requestPasswordReset, submitPasswordChange, getCurrentUser }","DIRECT","TEST","TEST_HARNESS","ALL_ROLES","NO","frontend/src/services/__tests__/authServicePasswordReset.test.js:7 -> import from '../authService'","TEST-ONLY-DEPENDENCY","HIGH","Direct local import of authService.js"
"frontend/src/services/__tests__/AwardPortfolioReviewService.test.js","TEST_FILE","services","frontend/src/services/AwardPortfolioReviewService.js","TEST_USAGE","{ AwardPortfolioReviewService, AwardCategoryLeaderboardService }","DIRECT","TEST","TEST_HARNESS","ALL_ROLES","NO","frontend/src/services/__tests__/AwardPortfolioReviewService.test.js:2 -> import from '../AwardPortfolioReviewService'","TEST-ONLY-DEPENDENCY","HIGH","Direct local import of AwardPortfolioReviewService.js"
"frontend/src/services/__tests__/passwordResetAdminService.test.js","TEST_FILE","services","frontend/src/services/apiClient.js","TEST_USAGE","apiClient","DIRECT","TEST","TEST_HARNESS","ALL_ROLES","NO","frontend/src/services/__tests__/passwordResetAdminService.test.js:2 -> import from '../apiClient'","TEST-ONLY-DEPENDENCY","HIGH","Direct local import of apiClient.js"
"frontend/src/services/__tests__/passwordResetAdminService.test.js","TEST_FILE","services","frontend/src/services/passwordResetAdminService.js","TEST_USAGE","{ fetchPasswordResetRequests, executePasswordReset, rejectPasswordReset }","DIRECT","TEST","TEST_HARNESS","ALL_ROLES","NO","frontend/src/services/__tests__/passwordResetAdminService.test.js:7 -> import from '../passwordResetAdminService'","TEST-ONLY-DEPENDENCY","HIGH","Direct local import of passwordResetAdminService.js"
"frontend/src/services/__tests__/Stage1CandidateReportService.test.js","TEST_FILE","services","frontend/src/services/Stage1CandidateReportService.js","TEST_USAGE","{ Stage1CandidateReportService }","DIRECT","TEST","TEST_HARNESS","ALL_ROLES","NO","frontend/src/services/__tests__/Stage1CandidateReportService.test.js:2 -> import from '../Stage1CandidateReportService'","TEST-ONLY-DEPENDENCY","HIGH","Direct local import of Stage1CandidateReportService.js"
"frontend/src/services/__tests__/supabaseZeroCallLocalDefense.test.js","TEST_FILE","services","frontend/src/services/authService.js","TEST_USAGE","{ authenticateUser, logoutUser }","DIRECT","TEST","TEST_HARNESS","ALL_ROLES","NO","frontend/src/services/__tests__/supabaseZeroCallLocalDefense.test.js:2 -> import from '../authService'","TEST-ONLY-DEPENDENCY","HIGH","Direct local import of authService.js"
"frontend/src/services/__tests__/supabaseZeroCallLocalDefense.test.js","TEST_FILE","services","frontend/src/services/apiClient.js","TEST_USAGE","apiClient","DIRECT","TEST","TEST_HARNESS","ALL_ROLES","NO","frontend/src/services/__tests__/supabaseZeroCallLocalDefense.test.js:3 -> import from '../apiClient'","TEST-ONLY-DEPENDENCY","HIGH","Direct local import of apiClient.js"
"frontend/src/services/__tests__/supabaseZeroCallLocalDefense.test.js","TEST_FILE","services","frontend/src/config/supabase.js","TEST_USAGE","{ supabase }","DIRECT","TEST","TEST_HARNESS","ALL_ROLES","YES","frontend/src/services/__tests__/supabaseZeroCallLocalDefense.test.js:4 -> import from '../../config/supabase'","TEST-ONLY-DEPENDENCY","HIGH","Direct local import of supabase.js"
"frontend/src/utils/__tests__/personnelPlacement.test.js","TEST_FILE","utils","frontend/src/utils/personnelPlacement.js","TEST_USAGE","{ collectPersonnelPlacementOptions, formatPersonnelPlacement, isAcademicPersonnel, validatePersonnelPlacement }","DIRECT","TEST","TEST_HARNESS","ALL_ROLES","NO","frontend/src/utils/__tests__/personnelPlacement.test.js:2 -> import from '../personnelPlacement'","TEST-ONLY-DEPENDENCY","HIGH","Direct local import of personnelPlacement.js"
"frontend/src/utils/__tests__/roleContext.test.js","TEST_FILE","utils","frontend/src/utils/roleContext.js","TEST_USAGE","{ normalizeAccountType, normalizeRoleContext, normalizeAssignedRoles, getValidRolesForAccountType, isValidAccountRoleCombination, resolveDefaultActiveRole, isRoleAssigned, getSafeFallbackRole, CANONICAL_ROLES, CANONICAL_ACCOUNT_TYPES }","DIRECT","TEST","TEST_HARNESS","ALL_ROLES","NO","frontend/src/utils/__tests__/roleContext.test.js:13 -> import from '../roleContext'","TEST-ONLY-DEPENDENCY","HIGH","Direct local import of roleContext.js"
"frontend/src/utils/__tests__/roleContext.test.js","TEST_FILE","utils","frontend/src/config/personnelRoleNavigation.js","TEST_USAGE","{ getAuthorizedNavigationForSession }","DIRECT","TEST","TEST_HARNESS","ALL_ROLES","YES","frontend/src/utils/__tests__/roleContext.test.js:14 -> import from '../../config/personnelRoleNavigation'","TEST-ONLY-DEPENDENCY","HIGH","Direct local import of personnelRoleNavigation.js"
"frontend/src/utils/__tests__/verificationMetrics.test.js","TEST_FILE","utils","frontend/src/utils/verificationMetrics.js","TEST_USAGE","{ calculateAverageReviewTime, getUnfilteredStatusCounts }","DIRECT","TEST","TEST_HARNESS","ALL_ROLES","NO","frontend/src/utils/__tests__/verificationMetrics.test.js:2 -> import from '../verificationMetrics'","TEST-ONLY-DEPENDENCY","HIGH","Direct local import of verificationMetrics.js"